name_of_university,year_of_education,type_of_university,city,onlisans_male,onlisans_female,lisans_male,lisans_female,master_male,master_female,doctorate_male,doctorate_female,total_male,total_female,total_total
ABANT IZZET BAYSAL UNIVERSITESI,2018-2017,DEVLET,BOLU,6230,3521,7970,11171,1333,1204,230,204,15763,16100,31863
ABANT IZZET BAYSAL UNIVERSITESI,2017-2016,DEVLET,BOLU,6222,3309,7243,10570,1367,1166,199,165,15031,15210,30241
ABANT IZZET BAYSAL UNIVERSITESI,2016-2015,DEVLET,BOLU,5649,2969,6633,10097,1280,1098,192,153,13754,14317,28071
ABANT IZZET BAYSAL UNIVERSITESI,2015-2014,DEVLET,BOLU,4269,2197,6149,9604,936,845,155,115,11509,12761,24270
ABDULLAH GUL UNIVERSITESI,2019-2018,DEVLET,KAYSERI,0,0,854,377,46,40,50,41,950,458,1408
ABDULLAH GUL UNIVERSITESI,2018-2017,DEVLET,KAYSERI,0,0,644,230,39,33,43,36,726,299,1025
ABDULLAH GUL UNIVERSITESI,2017-2016,DEVLET,KAYSERI,0,0,496,160,29,26,32,21,557,207,764
ABDULLAH GUL UNIVERSITESI,2016-2015,DEVLET,KAYSERI,0,0,299,98,32,22,25,9,356,129,485
ABDULLAH GUL UNIVERSITESI,2015-2014,DEVLET,KAYSERI,0,0,189,68,19,18,17,5,225,91,316
ACIBADEM MEHMET ALI AYDINLAR UNIVERSITESI,2019-2018,VAKIF,ISTANBUL,514,965,628,1741,67,266,18,88,1227,3060,4287
ACIBADEM MEHMET ALI AYDINLAR UNIVERSITESI,2018-2017,VAKIF,ISTANBUL,485,879,583,1690,53,232,14,52,1135,2853,3988
ACIBADEM UNIVERSITESI,2017-2016,VAKIF,ISTANBUL,544,976,507,1407,65,208,8,38,1124,2629,3753
ACIBADEM UNIVERSITESI,2016-2015,VAKIF,ISTANBUL,514,937,418,1038,57,196,5,25,994,2196,3190
ACIBADEM UNIVERSITESI,2015-2014,VAKIF,ISTANBUL,326,591,341,786,51,217,3,10,721,1604,2325
ADANA ALPARSLAN TURKES BILIM VE TEKNOLOJI UNIVERSITESI,2019-2018,DEVLET,ADANA,0,0,1085,727,391,224,14,9,1490,960,2450
ADANA BILIM VE TEKNOLOJI UNIVERSITESI,2018-2017,DEVLET,ADANA,0,0,799,558,430,154,5,2,1234,714,1948
ADANA BILIM VE TEKNOLOJI UNIVERSITESI,2017-2016,DEVLET,ADANA,0,0,531,385,382,132,1,0,914,517,1431
ADANA BILIM VE TEKNOLOJI UNIVERSITESI,2016-2015,DEVLET,ADANA,0,0,360,261,275,91,0,0,635,352,987
ADANA BILIM VE TEKNOLOJI UNIVERSITESI,2015-2014,DEVLET,ADANA,0,0,183,137,198,92,0,0,381,229,610
ADIYAMAN UNIVERSITESI,2019-2018,DEVLET,ADIYAMAN,6316,3544,4548,5435,313,195,42,24,11219,9198,20417
ADIYAMAN UNIVERSITESI,2018-2017,DEVLET,ADIYAMAN,6175,3585,4378,5256,370,206,46,20,10969,9067,20036
ADIYAMAN UNIVERSITESI,2017-2016,DEVLET,ADIYAMAN,6449,3910,4275,5170,406,191,46,15,11176,9286,20462
ADIYAMAN UNIVERSITESI,2016-2015,DEVLET,ADIYAMAN,6037,3808,4055,4862,434,211,44,16,10570,8897,19467
ADIYAMAN UNIVERSITESI,2015-2014,DEVLET,ADIYAMAN,5534,3488,3773,4522,344,172,29,11,9680,8193,17873
ADNAN MENDERES UNIVERSITESI,2018-2017,DEVLET,AYDIN,11981,9698,13812,14612,1911,1449,270,306,27974,26065,54039
ADNAN MENDERES UNIVERSITESI,2017-2016,DEVLET,AYDIN,11936,9894,12667,14001,1726,1336,224,233,26553,25464,52017
ADNAN MENDERES UNIVERSITESI,2016-2015,DEVLET,AYDIN,11259,9043,10847,12080,1361,1156,204,215,23671,22494,46165
ADNAN MENDERES UNIVERSITESI,2015-2014,DEVLET,AYDIN,10480,8292,9369,10818,1029,1022,200,200,21078,20332,41410
AFYON KOCATEPE UNIVERSITESI,2019-2018,DEVLET,AFYONKARAHISAR,6503,3809,11877,11287,1723,1172,227,129,20330,16397,36727
AFYON KOCATEPE UNIVERSITESI,2018-2017,DEVLET,AFYONKARAHISAR,9969,5875,12731,13165,2152,1251,240,116,25092,20407,45499
AFYON KOCATEPE UNIVERSITESI,2017-2016,DEVLET,AFYON,10806,6236,12107,12506,2293,1171,216,94,25422,20007,45429
AFYON KOCATEPE UNIVERSITESI,2016-2015,DEVLET,AFYON,10406,6018,11241,11950,1929,967,208,84,23784,19019,42803
AFYON KOCATEPE UNIVERSITESI,2015-2014,DEVLET,AFYON,9721,5699,10295,11192,1522,796,185,78,21723,17765,39488
AFYONKARAHISAR SAGLIK BILIMLERI UNIVERSITESI,2019-2018,DEVLET,AFYONKARAHISAR,593,1448,1050,1882,12,51,18,6,1673,3387,5060
AGRI IBRAHIM CECEN UNIVERSITESI,2019-2018,DEVLET,AGRI,2236,1704,3840,3832,482,272,2,0,6560,5808,12368
AGRI IBRAHIM CECEN UNIVERSITESI,2018-2017,DEVLET,AGRI,1905,1389,3780,3540,599,285,0,0,6284,5214,11498
AGRI IBRAHIM CECEN UNIVERSITESI,2017-2016,DEVLET,AGRI,1749,1307,3788,3317,493,234,0,0,6030,4858,10888
AGRI IBRAHIM CECEN UNIVERSITESI,2016-2015,DEVLET,AGRI,1714,1265,3744,3286,443,190,0,0,5901,4741,10642
AGRI IBRAHIM CECEN UNIVERSITESI,2015-2014,DEVLET,AGRI,1580,1191,3831,3143,312,133,0,0,5723,4467,10190
AHI EVRAN UNIVERSITESI,2018-2017,DEVLET,KIRSEHIR,5450,3067,4019,5784,655,443,24,27,10148,9321,19469
AHI EVRAN UNIVERSITESI,2017-2016,DEVLET,KIRSEHIR,5645,3191,3733,5642,534,385,19,20,9931,9238,19169
AHI EVRAN UNIVERSITESI,2016-2015,DEVLET,KIRSEHIR,5248,2986,3559,5454,429,331,14,17,9250,8788,18038
AHI EVRAN UNIVERSITESI,2015-2014,DEVLET,KIRSEHIR,4818,2817,3455,5477,357,279,15,19,8645,8592,17237
AKDENIZ UNIVERSITESI,2019-2018,DEVLET,ANTALYA,14759,8202,20795,16673,2087,2217,601,588,38242,27680,65922
AKDENIZ UNIVERSITESI,2018-2017,DEVLET,ANTALYA,19367,9466,19160,15705,2734,2344,566,584,41827,28099,69926
AKDENIZ UNIVERSITESI,2017-2016,DEVLET,ANTALYA,18857,8832,17677,14501,2725,2291,501,511,39760,26135,65895
AKDENIZ UNIVERSITESI,2016-2015,DEVLET,ANTALYA,18358,8558,18156,14652,2327,2047,479,466,39320,25723,65043
AKDENIZ UNIVERSITESI,2015-2014,DEVLET,ANTALYA,15289,7259,16561,13355,1805,1757,427,463,34082,22834,56916
AKSARAY UNIVERSITESI,2019-2018,DEVLET,AKSARAY,2537,1748,7946,7459,1369,767,90,63,11942,10037,21979
AKSARAY UNIVERSITESI,2018-2017,DEVLET,AKSARAY,3660,2161,7781,7540,1719,716,86,58,13246,10475,23721
AKSARAY UNIVERSITESI,2017-2016,DEVLET,AKSARAY,3767,2196,7046,6895,1743,758,81,49,12637,9898,22535
AKSARAY UNIVERSITESI,2016-2015,DEVLET,AKSARAY,3486,2122,6175,6076,1456,675,71,43,11188,8916,20104
AKSARAY UNIVERSITESI,2015-2014,DEVLET,AKSARAY,3123,1914,5331,5300,1202,579,62,35,9718,7828,17546
ALANYA ALAADDIN KEYKUBAT UNIVERSITESI,2019-2018,DEVLET,ANTALYA,3146,1533,3419,2429,188,125,9,12,6762,4099,10861
ALANYA ALAADDIN KEYKUBAT UNIVERSITESI,2018-2017,DEVLET,ANTALYA,2737,1215,2881,1931,198,87,8,9,5824,3242,9066
ALANYA ALAADDIN KEYKUBAT UNIVERSITESI,2017-2016,DEVLET,ANTALYA,2564,1168,2460,1672,162,74,7,7,5193,2921,8114
ALANYA HAMDULLAH EMIN PASA UNIVERSITESI,2019-2018,VAKIF,ANTALYA,0,0,184,189,30,18,0,0,214,207,421
ALANYA HAMDULLAH EMIN PASA UNIVERSITESI,2018-2017,VAKIF,ANTALYA,0,0,137,160,33,21,0,0,170,181,351
ALANYA HAMDULLAH EMIN PASA UNIVERSITESI,2017-2016,VAKIF,ANTALYA,0,0,125,133,6,3,0,0,131,136,267
ALANYA HAMDULLAH EMIN PASA UNIVERSITESI,2016-2015,VAKIF,ANTALYA,1,1,79,93,0,0,0,0,80,94,174
ALANYA HAMDULLAH EMIN PASA UNIVERSITESI,2015-2014,VAKIF,ANTALYA,0,1,27,40,0,0,0,0,27,41,68
ALTINBAS UNIVERSITESI,2019-2018,VAKIF,ISTANBUL,732,1039,3980,3093,1980,452,110,64,6802,4648,11450
ALTINBAS UNIVERSITESI,2018-2017,VAKIF,ISTANBUL,613,826,2989,2806,2141,308,65,31,5808,3971,9779
AMASYA UNIVERSITESI,2019-2018,DEVLET,AMASYA,5220,4018,2855,3623,343,220,8,6,8426,7867,16293
AMASYA UNIVERSITESI,2018-2017,DEVLET,AMASYA,6596,4445,2524,3347,436,220,7,5,9563,8017,17580
AMASYA UNIVERSITESI,2017-2016,DEVLET,AMASYA,6629,4391,2189,3028,460,224,7,7,9285,7650,16935
AMASYA UNIVERSITESI,2016-2015,DEVLET,AMASYA,5833,3846,1764,2696,377,208,6,7,7980,6757,14737
AMASYA UNIVERSITESI,2015-2014,DEVLET,AMASYA,4953,3239,1505,2580,320,209,6,4,6784,6032,12816
ANADOLU UNIVERSITESI,2019-2018,DEVLET,ESKISEHIR,700280,813001,1083142,758686,2365,2074,886,839,1786673,1574600,3361273
ANADOLU UNIVERSITESI,2018-2017,DEVLET,ESKISEHIR,634035,747854,1072772,748223,3671,2562,1342,1030,1711820,1499669,3211489
ANADOLU UNIVERSITESI,2017-2016,DEVLET,ESKISEHIR,562216,666565,1055558,731065,3247,2490,1179,874,1622200,1400994,3023194
ANADOLU UNIVERSITESI,2016-2015,DEVLET,ESKISEHIR,511259,601494,1052246,725364,2533,2084,1006,776,1567044,1329718,2896762
ANADOLU UNIVERSITESI,2015-2014,DEVLET,ESKISEHIR,467996,545753,981854,685545,2217,1867,943,719,1453010,1233884,2686894
ANKARA HACI BAYRAM VELI UNIVERSITESI,2019-2018,DEVLET,ANKARA,503,1000,8806,10320,2915,2852,1080,924,13304,15096,28400
ANKARA MUZIK VE GUZEL SANATLAR UNIVERSITESI,2019-2018,DEVLET,ANKARA,0,0,24,11,14,7,6,4,44,22,66
ANKARA SOSYAL BILIMLER UNIVERSITESI,2019-2018,DEVLET,ANKARA,0,0,282,316,250,178,34,10,566,504,1070
ANKARA SOSYAL BILIMLER UNIVERSITESI,2018-2017,DEVLET,ANKARA,0,0,129,168,136,73,9,0,274,241,515
ANKARA SOSYAL BILIMLER UNIVERSITESI,2017-2016,DEVLET,ANKARA,0,0,153,224,42,28,0,0,195,252,447
ANKARA UNIVERSITESI,2019-2018,DEVLET,ANKARA,3724,3810,18982,22709,4401,4345,2842,2846,29949,33710,63659
ANKARA UNIVERSITESI,2018-2017,DEVLET,ANKARA,4259,4123,17575,21427,4561,4249,2618,2634,29013,32433,61446
ANKARA UNIVERSITESI,2017-2016,DEVLET,ANKARA,4004,3753,17528,21389,6230,6031,2892,2721,30654,33894,64548
ANKARA UNIVERSITESI,2016-2015,DEVLET,ANKARA,3449,3234,17845,21713,6393,6362,2912,2680,30599,33989,64588
ANKARA UNIVERSITESI,2015-2014,DEVLET,ANKARA,3104,2995,18358,22254,5682,6164,2995,2917,30139,34330,64469
ANKARA YILDIRIM BEYAZIT UNIVERSITESI,2019-2018,DEVLET,ANKARA,749,871,5604,7061,1588,1483,761,451,8702,9866,18568
ANKARA YILDIRIM BEYAZIT UNIVERSITESI,2018-2017,DEVLET,ANKARA,171,309,4841,6045,1837,1275,804,431,7653,8060,15713
ANKARA YILDIRIM BEYAZIT UNIVERSITESI,2017-2016,DEVLET,ANKARA,84,130,4379,5388,1795,1118,749,368,7007,7004,14011
ANTALYA AKEV UNIVERSITESI,2019-2018,VAKIF,ANTALYA,146,124,103,65,0,0,0,0,249,189,438
ANTALYA AKEV UNIVERSITESI,2018-2017,VAKIF,ANTALYA,67,62,67,35,0,0,0,0,134,97,231
ANTALYA BILIM UNIVERSITESI,2019-2018,VAKIF,ANTALYA,71,27,1481,1318,275,155,0,0,1827,1500,3327
ANTALYA BILIM UNIVERSITESI,2018-2017,VAKIF,ANTALYA,0,0,1324,1207,183,58,0,0,1507,1265,2772
ARDAHAN UNIVERSITESI,2019-2018,DEVLET,ARDAHAN,648,515,2015,1606,96,95,17,25,2776,2241,5017
ARDAHAN UNIVERSITESI,2018-2017,DEVLET,ARDAHAN,779,473,2066,1639,132,86,17,21,2994,2219,5213
ARDAHAN UNIVERSITESI,2017-2016,DEVLET,ARDAHAN,783,421,2022,1584,113,76,13,17,2931,2098,5029
ARDAHAN UNIVERSITESI,2016-2015,DEVLET,ARDAHAN,761,422,1764,1365,132,72,14,17,2671,1876,4547
ARDAHAN UNIVERSITESI,2015-2014,DEVLET,ARDAHAN,730,414,1428,1142,90,51,21,13,2269,1620,3889
ARTVIN CORUH UNIVERSITESI,2019-2018,DEVLET,ARTVIN,2788,2069,1593,2509,249,132,15,6,4645,4716,9361
ARTVIN CORUH UNIVERSITESI,2018-2017,DEVLET,ARTVIN,3506,2061,1475,2321,267,128,16,5,5264,4515,9779
ARTVIN CORUH UNIVERSITESI,2017-2016,DEVLET,ARTVIN,3443,1926,1447,2078,268,127,15,3,5173,4134,9307
ARTVIN CORUH UNIVERSITESI,2016-2015,DEVLET,ARTVIN,2804,1515,1300,1778,207,94,18,3,4329,3390,7719
ARTVIN CORUH UNIVERSITESI,2015-2014,DEVLET,ARTVIN,2251,1196,1318,1662,165,82,18,4,3752,2944,6696
ATASEHIR ADIGUZEL MESLEK YUKSEKOKULU,2019-2018,VAKIF MYO,ISTANBUL,780,581,0,0,0,0,0,0,780,581,1361
ATASEHIR ADIGUZEL MESLEK YUKSEKOKULU,2018-2017,VAKIF MYO,ISTANBUL,824,713,0,0,0,0,0,0,824,713,1537
ATASEHIR ADIGUZEL MESLEK YUKSEKOKULU,2017-2016,VAKIF MYO,ISTANBUL,851,830,0,0,0,0,0,0,851,830,1681
ATASEHIR ADIGUZEL MESLEK YUKSEKOKULU,2016-2015,VAKIF MYO,ISTANBUL,629,691,0,0,0,0,0,0,629,691,1320
ATASEHIR ADIGUZEL MESLEK YUKSEKOKULU,2015-2014,VAKIF MYO,ISTANBUL,420,470,0,0,0,0,0,0,420,470,890
ATATURK UNIVERSITESI,2019-2018,DEVLET,ERZURUM,122292,157427,50543,56130,3275,2646,1553,945,177663,217148,394811
ATATURK UNIVERSITESI,2018-2017,DEVLET,ERZURUM,97878,126546,45615,54940,6029,3918,1745,1030,151267,186434,337701
ATATURK UNIVERSITESI,2017-2016,DEVLET,ERZURUM,73076,91854,43755,54652,6360,3856,1854,1037,125045,151399,276444
ATATURK UNIVERSITESI,2016-2015,DEVLET,ERZURUM,51433,70533,33065,37276,5540,3464,1955,1038,91993,112311,204304
ATATURK UNIVERSITESI,2015-2014,DEVLET,ERZURUM,34702,43665,32144,31813,5876,3747,2295,1319,75017,80544,155561
ATILIM UNIVERSITESI,2019-2018,VAKIF,ANKARA,36,13,4917,3520,547,329,90,58,5590,3920,9510
ATILIM UNIVERSITESI,2018-2017,VAKIF,ANKARA,38,15,4822,3423,520,248,50,45,5430,3731,9161
ATILIM UNIVERSITESI,2017-2016,VAKIF,ANKARA,58,22,4609,3192,703,347,106,71,5476,3632,9108
ATILIM UNIVERSITESI,2016-2015,VAKIF,ANKARA,29,9,3470,2483,496,330,102,62,4097,2884,6981
ATILIM UNIVERSITESI,2015-2014,VAKIF,ANKARA,34,11,3183,2205,674,255,83,46,3974,2517,6491
AVRASYA UNIVERSITESI,2019-2018,VAKIF,TRABZON,1181,1328,1766,1884,536,163,17,8,3500,3383,6883
AVRASYA UNIVERSITESI,2018-2017,VAKIF,TRABZON,1179,1357,1912,1912,554,161,14,7,3659,3437,7096
AVRASYA UNIVERSITESI,2017-2016,VAKIF,TRABZON,1302,1537,1767,1585,493,171,8,5,3570,3298,6868
AVRASYA UNIVERSITESI,2016-2015,VAKIF,TRABZON,1255,1352,1614,1179,504,223,8,4,3381,2758,6139
AVRASYA UNIVERSITESI,2015-2014,VAKIF,TRABZON,928,1008,1249,828,476,194,8,3,2661,2033,4694
AVRUPA MESLEK YUKSEKOKULU,2019-2018,VAKIF MYO,ISTANBUL,996,1096,0,0,0,0,0,0,996,1096,2092
AVRUPA MESLEK YUKSEKOKULU,2018-2017,VAKIF MYO,ISTANBUL,1072,1003,0,0,0,0,0,0,1072,1003,2075
AVRUPA MESLEK YUKSEKOKULU,2017-2016,VAKIF MYO,ISTANBUL,1249,1042,0,0,0,0,0,0,1249,1042,2291
AVRUPA MESLEK YUKSEKOKULU,2016-2015,VAKIF MYO,ISTANBUL,883,708,0,0,0,0,0,0,883,708,1591
AVRUPA MESLEK YUKSEKOKULU,2015-2014,VAKIF MYO,ISTANBUL,366,410,0,0,0,0,0,0,366,410,776
AYDIN ADNAN MENDERES UNIVERSITESI,2019-2018,DEVLET,AYDIN,9822,8309,14385,14848,1574,1515,294,362,26075,25034,51109
BAHCESEHIR UNIVERSITESI,2019-2018,VAKIF,ISTANBUL,507,693,9240,8153,3255,2861,218,215,13220,11922,25142
BAHCESEHIR UNIVERSITESI,2018-2017,VAKIF,ISTANBUL,584,662,8533,7813,3644,2721,236,179,12997,11375,24372
BAHCESEHIR UNIVERSITESI,2017-2016,VAKIF,ISTANBUL,824,750,7297,6889,4285,2786,193,155,12599,10580,23179
BAHCESEHIR UNIVERSITESI,2016-2015,VAKIF,ISTANBUL,925,646,6458,6044,3812,2532,189,148,11384,9370,20754
BAHCESEHIR UNIVERSITESI,2015-2014,VAKIF,ISTANBUL,767,525,5697,5334,3240,2145,161,123,9865,8127,17992
BALIKESIR UNIVERSITESI,2019-2018,DEVLET,BALIKESIR,6933,3833,11570,10234,1005,890,176,127,19684,15084,34768
BALIKESIR UNIVERSITESI,2018-2017,DEVLET,BALIKESIR,9200,4459,11060,9855,1338,1040,180,127,21778,15481,37259
BALIKESIR UNIVERSITESI,2017-2016,DEVLET,BALIKESIR,9629,4673,10455,9357,1298,1037,195,136,21577,15203,36780
BALIKESIR UNIVERSITESI,2016-2015,DEVLET,BALIKESIR,9312,4539,9895,9003,1093,898,203,143,20503,14583,35086
BALIKESIR UNIVERSITESI,2015-2014,DEVLET,BALIKESIR,9997,5412,11694,11927,874,729,152,101,22717,18169,40886
BANDIRMA ONYEDI EYLUL UNIVERSITESI,2019-2018,DEVLET,BALIKESIR,1669,1450,3562,3245,274,205,19,16,5524,4916,10440
BANDIRMA ONYEDI EYLUL UNIVERSITESI,2018-2017,DEVLET,BALIKESIR,1948,1594,3113,3246,215,131,11,10,5287,4981,10268
BANDIRMA ONYEDI EYLUL UNIVERSITESI,2017-2016,DEVLET,BALIKESIR,2016,1647,2791,3272,81,70,3,5,4891,4994,9885
BANDIRMA ONYEDI EYLUL UNIVERSITESI,2016-2015,DEVLET,BALIKESIR,1861,1475,2534,3179,0,0,0,0,4395,4654,9049
BARTIN UNIVERSITESI,2019-2018,DEVLET,BARTIN,2395,1942,5754,4980,879,482,45,46,9073,7450,16523
BARTIN UNIVERSITESI,2018-2017,DEVLET,BARTIN,2180,1813,5344,4712,951,424,41,33,8516,6982,15498
BARTIN UNIVERSITESI,2017-2016,DEVLET,BARTIN,2095,1697,4794,4319,873,396,38,27,7800,6439,14239
BARTIN UNIVERSITESI,2016-2015,DEVLET,BARTIN,1811,1396,4428,3876,683,333,40,23,6962,5628,12590
BARTIN UNIVERSITESI,2015-2014,DEVLET,BARTIN,1643,1132,3949,3233,475,254,35,18,6102,4637,10739
BASKENT UNIVERSITESI,2019-2018,VAKIF,ANKARA,1207,1232,5160,7154,659,855,240,221,7266,9462,16728
BASKENT UNIVERSITESI,2018-2017,VAKIF,ANKARA,1025,1166,4822,6887,916,733,269,189,7032,8975,16007
BASKENT UNIVERSITESI,2017-2016,VAKIF,ANKARA,1018,1236,4150,6006,756,669,228,134,6152,8045,14197
BASKENT UNIVERSITESI,2016-2015,VAKIF,ANKARA,769,931,3506,4904,571,592,188,111,5034,6538,11572
BASKENT UNIVERSITESI,2015-2014,VAKIF,ANKARA,660,787,3102,4414,476,531,152,117,4390,5849,10239
BATMAN UNIVERSITESI,2019-2018,DEVLET,BATMAN,3240,2306,3706,2162,571,188,27,3,7544,4659,12203
BATMAN UNIVERSITESI,2018-2017,DEVLET,BATMAN,3897,2252,3589,2118,713,200,21,2,8220,4572,12792
BATMAN UNIVERSITESI,2017-2016,DEVLET,BATMAN,3997,2262,3170,1911,953,170,16,0,8136,4343,12479
BATMAN UNIVERSITESI,2016-2015,DEVLET,BATMAN,3710,2270,2577,1405,505,123,17,0,6809,3798,10607
BATMAN UNIVERSITESI,2015-2014,DEVLET,BATMAN,3365,1885,1810,902,299,75,16,0,5490,2862,8352
BAYBURT UNIVERSITESI,2019-2018,DEVLET,BAYBURT,1615,1665,3807,3781,328,187,18,4,5768,5637,11405
BAYBURT UNIVERSITESI,2018-2017,DEVLET,BAYBURT,1645,1357,3567,3350,397,213,11,3,5620,4923,10543
BAYBURT UNIVERSITESI,2017-2016,DEVLET,BAYBURT,1446,1005,3263,2922,355,190,3,2,5067,4119,9186
BAYBURT UNIVERSITESI,2016-2015,DEVLET,BAYBURT,1097,613,2839,2429,280,159,3,1,4219,3202,7421
BAYBURT UNIVERSITESI,2015-2014,DEVLET,BAYBURT,834,435,2661,2234,183,86,0,0,3678,2755,6433
BEYKENT UNIVERSITESI,2019-2018,VAKIF,ISTANBUL,4491,4324,11334,8027,1538,900,153,83,17516,13334,30850
BEYKENT UNIVERSITESI,2018-2017,VAKIF,ISTANBUL,4851,4639,11447,8199,2519,1293,170,91,18987,14222,33209
BEYKENT UNIVERSITESI,2017-2016,VAKIF,ISTANBUL,4727,4521,10228,7513,3069,1665,110,61,18134,13760,31894
BEYKENT UNIVERSITESI,2016-2015,VAKIF,ISTANBUL,4455,4522,9477,7099,3355,2250,126,87,17413,13958,31371
BEYKENT UNIVERSITESI,2015-2014,VAKIF,ISTANBUL,3545,3738,8075,6456,0,0,0,0,11620,10194,21814
BEYKOZ LOJISTIK MESLEK YUKSEKOKULU,2016-2015,VAKIF MYO,ISTANBUL,1338,714,0,0,0,0,0,0,1338,714,2052
BEYKOZ LOJISTIK MESLEK YUKSEKOKULU,2015-2014,VAKIF MYO,ISTANBUL,1354,757,0,0,0,0,0,0,1354,757,2111
BEYKOZ UNIVERSITESI,2019-2018,VAKIF,ISTANBUL,1279,785,316,270,65,30,0,0,1660,1085,2745
BEYKOZ UNIVERSITESI,2018-2017,VAKIF,ISTANBUL,1376,656,124,64,24,10,0,0,1524,730,2254
BEYKOZ UNIVERSITESI,2017-2016,VAKIF,ISTANBUL,1399,670,0,0,0,0,0,0,1399,670,2069
BEZM-I ALEM VAKIF UNIVERSITESI,2015-2014,VAKIF,ISTANBUL,123,340,420,1123,8,26,10,17,561,1506,2067
BEZM-I ?LEM VAKIF UNIVERSITESI,2019-2018,VAKIF,ISTANBUL,156,484,704,1846,18,72,24,43,902,2445,3347
BEZM-I ?LEM VAKIF UNIVERSITESI,2018-2017,VAKIF,ISTANBUL,163,506,678,1833,16,63,23,38,880,2440,3320
BEZM-I ?LEM VAKIF UNIVERSITESI,2017-2016,VAKIF,ISTANBUL,186,521,618,1599,4,54,22,33,830,2207,3037
BEZM-I ?LEM VAKIF UNIVERSITESI,2016-2015,VAKIF,ISTANBUL,176,451,522,1386,6,42,25,27,729,1906,2635
BILECIK SEYH EDEBALI UNIVERSITESI,2019-2018,DEVLET,BILECIK,3164,2509,4445,4032,576,344,56,35,8241,6920,15161
BILECIK SEYH EDEBALI UNIVERSITESI,2018-2017,DEVLET,BILECIK,4562,2881,4476,4111,836,263,47,27,9921,7282,17203
BILECIK SEYH EDEBALI UNIVERSITESI,2017-2016,DEVLET,BILECIK,4811,3045,4038,3852,805,268,39,28,9693,7193,16886
BILECIK SEYH EDEBALI UNIVERSITESI,2016-2015,DEVLET,BILECIK,4475,2680,3571,3562,1014,348,31,29,9091,6619,15710
BILECIK SEYH EDEBALI UNIVERSITESI,2015-2014,DEVLET,BILECIK,4171,2241,3212,3248,674,268,26,23,8083,5780,13863
BINGOL UNIVERSITESI,2019-2018,DEVLET,BINGOL,3078,2524,4328,3991,426,169,66,14,7898,6698,14596
BINGOL UNIVERSITESI,2018-2017,DEVLET,BINGOL,3524,2354,4199,3975,484,156,57,11,8264,6496,14760
BINGOL UNIVERSITESI,2017-2016,DEVLET,BINGOL,3333,2171,4036,3730,620,161,43,11,8032,6073,14105
BINGOL UNIVERSITESI,2016-2015,DEVLET,BINGOL,3021,1894,3876,3370,660,164,40,10,7597,5438,13035
BINGOL UNIVERSITESI,2015-2014,DEVLET,BINGOL,2497,1607,3356,2907,508,141,18,7,6379,4662,11041
BIRUNI UNIVERSITESI,2019-2018,VAKIF,ISTANBUL,1107,2048,1198,3160,438,373,24,27,2767,5608,8375
BIRUNI UNIVERSITESI,2018-2017,VAKIF,ISTANBUL,1188,1877,987,2807,360,247,14,24,2549,4955,7504
BIRUNI UNIVERSITESI,2017-2016,VAKIF,ISTANBUL,1495,2156,686,2014,48,113,1,0,2230,4283,6513
BIRUNI UNIVERSITESI,2016-2015,VAKIF,ISTANBUL,1083,1691,399,1248,25,56,0,0,1507,2995,4502
BIRUNI UNIVERSITESI,2015-2014,VAKIF,ISTANBUL,233,569,150,597,0,0,0,0,383,1166,1549
BITLIS EREN UNIVERSITESI,2019-2018,DEVLET,BITLIS,2590,2184,1737,1335,251,132,8,3,4586,3654,8240
BITLIS EREN UNIVERSITESI,2018-2017,DEVLET,BITLIS,3238,2334,1772,1213,222,118,5,1,5237,3666,8903
BITLIS EREN UNIVERSITESI,2017-2016,DEVLET,BITLIS,3305,2291,1686,1039,147,77,7,1,5145,3408,8553
BITLIS EREN UNIVERSITESI,2016-2015,DEVLET,BITLIS,3079,2146,1558,871,139,65,7,1,4783,3083,7866
BITLIS EREN UNIVERSITESI,2015-2014,DEVLET,BITLIS,2897,1966,1364,743,104,35,7,1,4372,2745,7117
BOGAZICI UNIVERSITESI,2019-2018,DEVLET,ISTANBUL,0,0,7043,5613,1451,1243,547,513,9041,7369,16410
BOGAZICI UNIVERSITESI,2018-2017,DEVLET,ISTANBUL,0,0,6785,5563,1728,1433,708,588,9221,7584,16805
BOGAZICI UNIVERSITESI,2017-2016,DEVLET,ISTANBUL,0,0,6352,5331,2018,1491,816,645,9186,7467,16653
BOGAZICI UNIVERSITESI,2016-2015,DEVLET,ISTANBUL,0,0,6045,5450,1901,1446,773,609,8719,7505,16224
BOGAZICI UNIVERSITESI,2015-2014,DEVLET,ISTANBUL,0,0,5627,5392,1687,1308,707,555,8021,7255,15276
BOLU ABANT IZZET BAYSAL UNIVERSITESI,2019-2018,DEVLET,BOLU,4065,2802,8476,11375,1033,1066,228,224,13802,15467,29269
BOZOK UNIVERSITESI,2018-2017,DEVLET,YOZGAT,3990,2250,4980,4944,759,354,38,7,9767,7555,17322
BOZOK UNIVERSITESI,2017-2016,DEVLET,YOZGAT,3991,2061,4448,4392,703,311,26,3,9168,6767,15935
BOZOK UNIVERSITESI,2016-2015,DEVLET,YOZGAT,3564,1792,3912,3690,600,262,25,2,8101,5746,13847
BOZOK UNIVERSITESI,2015-2014,DEVLET,YOZGAT,3157,1512,3571,3121,500,212,20,2,7248,4847,12095
BULENT ECEVIT UNIVERSITESI,2018-2017,DEVLET,ZONGULDAK,7180,5309,9740,9917,1620,952,162,91,18702,16269,34971
BULENT ECEVIT UNIVERSITESI,2017-2016,DEVLET,ZONGULDAK,7118,4929,8904,9237,1356,831,150,73,17528,15070,32598
BULENT ECEVIT UNIVERSITESI,2016-2015,DEVLET,ZONGULDAK,6252,4416,7942,8255,867,647,139,70,15200,13388,28588
BULENT ECEVIT UNIVERSITESI,2015-2014,DEVLET,ZONGULDAK,5526,4034,7259,7796,632,487,134,68,13551,12385,25936
BURDUR MEHMET AKIF ERSOY UNIVERSITESI,2019-2018,DEVLET,BURDUR,5665,4928,8629,8709,917,696,121,82,15332,14415,29747
BURSA ORHANGAZI UNIVERSITESI,2016-2015,VAKIF,BURSA,24,35,958,765,291,60,4,1,1277,861,2138
BURSA ORHANGAZI UNIVERSITESI,2015-2014,VAKIF,BURSA,0,0,567,444,194,46,0,0,761,490,1251
BURSA TEKNIK UNIVERSITESI,2019-2018,DEVLET,BURSA,0,0,1927,1574,510,266,75,43,2512,1883,4395
BURSA TEKNIK UNIVERSITESI,2018-2017,DEVLET,BURSA,0,0,1405,1011,470,199,51,36,1926,1246,3172
BURSA TEKNIK UNIVERSITESI,2017-2016,DEVLET,BURSA,0,0,1047,645,561,191,30,27,1638,863,2501
BURSA TEKNIK UNIVERSITESI,2016-2015,DEVLET,BURSA,0,0,630,343,174,103,18,17,822,463,1285
BURSA TEKNIK UNIVERSITESI,2015-2014,DEVLET,BURSA,0,0,371,172,92,50,14,13,477,235,712
BURSA ULUDAG UNIVERSITESI,2019-2018,DEVLET,BURSA,11045,7106,22087,21651,3249,3504,1148,817,37529,33078,70607
CAG UNIVERSITESI,2019-2018,VAKIF,MERSIN,535,781,1310,1863,674,489,9,8,2528,3141,5669
CAG UNIVERSITESI,2018-2017,VAKIF,MERSIN,484,692,1356,1932,652,344,10,12,2502,2980,5482
CAG UNIVERSITESI,2017-2016,VAKIF,MERSIN,423,553,1342,1857,399,240,9,14,2173,2664,4837
CAG UNIVERSITESI,2016-2015,VAKIF,MERSIN,496,550,1825,2326,295,205,13,15,2629,3096,5725
CAG UNIVERSITESI,2015-2014,VAKIF,MERSIN,530,554,1914,2529,384,263,18,16,2846,3362,6208
CANAKKALE ONSEKIZ MART UNIVERSITESI,2019-2018,DEVLET,CANAKKALE,8303,5769,13333,14419,2592,2295,283,225,24511,22708,47219
CANAKKALE ONSEKIZ MART UNIVERSITESI,2018-2017,DEVLET,CANAKKALE,10470,6300,12669,14173,2849,2333,319,192,26307,22998,49305
CANAKKALE ONSEKIZ MART UNIVERSITESI,2017-2016,DEVLET,CANAKKALE,10791,6400,11766,13636,2769,2233,314,169,25640,22438,48078
CANAKKALE ONSEKIZ MART UNIVERSITESI,2016-2015,DEVLET,CANAKKALE,9851,5972,10979,12949,2434,2053,323,195,23587,21169,44756
CANAKKALE ONSEKIZ MART UNIVERSITESI,2015-2014,DEVLET,CANAKKALE,8712,5526,10390,12648,2028,1813,329,178,21459,20165,41624
CANIK BASARI UNIVERSITESI,2016-2015,VAKIF,SAMSUN,0,0,875,1178,124,39,2,2,1001,1219,2220
CANIK BASARI UNIVERSITESI,2015-2014,VAKIF,SAMSUN,0,0,557,820,154,52,2,2,713,874,1587
CANKAYA UNIVERSITESI,2019-2018,VAKIF,ANKARA,137,104,3747,3237,469,382,41,31,4394,3754,8148
CANKAYA UNIVERSITESI,2018-2017,VAKIF,ANKARA,143,124,3800,3409,780,486,56,30,4779,4049,8828
CANKAYA UNIVERSITESI,2017-2016,VAKIF,ANKARA,158,141,3572,3310,912,533,56,33,4698,4017,8715
CANKAYA UNIVERSITESI,2016-2015,VAKIF,ANKARA,155,147,3157,3005,852,498,56,30,4220,3680,7900
CANKAYA UNIVERSITESI,2015-2014,VAKIF,ANKARA,138,131,2798,2626,822,476,49,28,3807,3261,7068
CANKIRI KARATEKIN UNIVERSITESI,2019-2018,DEVLET,CANKIRI,2839,1233,3096,4252,721,562,51,31,6707,6078,12785
CANKIRI KARATEKIN UNIVERSITESI,2018-2017,DEVLET,CANKIRI,4314,1480,2960,4299,640,427,32,18,7946,6224,14170
CANKIRI KARATEKIN UNIVERSITESI,2017-2016,DEVLET,CANKIRI,4477,1454,2685,4091,690,365,30,14,7882,5924,13806
CANKIRI KARATEKIN UNIVERSITESI,2016-2015,DEVLET,CANKIRI,4102,1360,2323,3580,540,264,30,11,6995,5215,12210
CANKIRI KARATEKIN UNIVERSITESI,2015-2014,DEVLET,CANKIRI,3503,1220,2011,3161,434,207,28,9,5976,4597,10573
CELAL BAYAR UNIVERSITESI,2015-2014,DEVLET,MANISA,11122,7066,11224,10684,1617,1572,297,206,24260,19528,43788
CEL?L BAYAR UNIVERSITESI,2016-2015,DEVLET,MANISA,12670,7840,12739,11272,2139,1747,324,249,27872,21108,48980
CUKUROVA UNIVERSITESI,2019-2018,DEVLET,ADANA,7549,5011,18069,15564,3895,2870,985,794,30498,24239,54737
CUKUROVA UNIVERSITESI,2018-2017,DEVLET,ADANA,8959,5561,17442,15575,4302,2695,1008,805,31711,24636,56347
CUKUROVA UNIVERSITESI,2017-2016,DEVLET,ADANA,9401,5666,16556,14832,3674,2275,873,689,30504,23462,53966
CUKUROVA UNIVERSITESI,2016-2015,DEVLET,ADANA,8877,5114,16463,14804,2693,1738,843,712,28876,22368,51244
CUKUROVA UNIVERSITESI,2015-2014,DEVLET,ADANA,8343,4769,15598,14319,1789,1152,713,560,26443,20800,47243
CUMHURIYET UNIVERSITESI,2018-2017,DEVLET,SIVAS,10226,6698,15783,16994,2751,1654,247,153,29007,25499,54506
CUMHURIYET UNIVERSITESI,2017-2016,DEVLET,SIVAS,10307,6768,15901,16956,2764,1650,207,125,29179,25499,54678
CUMHURIYET UNIVERSITESI,2016-2015,DEVLET,SIVAS,9438,6344,15683,16453,2083,1425,210,126,27414,24348,51762
CUMHURIYET UNIVERSITESI,2015-2014,DEVLET,SIVAS,8212,5933,14723,15390,347,259,36,28,23318,21610,44928
DEMIROGLU BILIM UNIVERSITESI,2019-2018,VAKIF,ISTANBUL,203,418,530,1203,22,75,0,7,755,1703,2458
DICLE UNIVERSITESI,2019-2018,DEVLET,DIYARBAKIR,3720,2674,11483,9177,1186,661,412,153,16801,12665,29466
DICLE UNIVERSITESI,2018-2017,DEVLET,DIYARBAKIR,4169,2592,10698,9044,1663,837,514,182,17044,12655,29699
DICLE UNIVERSITESI,2017-2016,DEVLET,DIYARBAKIR,4909,3060,11096,9209,2415,915,513,173,18933,13357,32290
DICLE UNIVERSITESI,2016-2015,DEVLET,DIYARBAKIR,4965,3207,11422,9500,1708,740,507,163,18602,13610,32212
DICLE UNIVERSITESI,2015-2014,DEVLET,DIYARBAKIR,4101,2802,10981,9273,1279,549,372,129,16733,12753,29486
DOGUS UNIVERSITESI,2019-2018,VAKIF,ISTANBUL,1036,1105,3684,2360,242,117,44,46,5006,3628,8634
DOGUS UNIVERSITESI,2018-2017,VAKIF,ISTANBUL,770,786,3421,2154,373,214,72,32,4636,3186,7822
DOGUS UNIVERSITESI,2017-2016,VAKIF,ISTANBUL,593,504,2939,1894,310,184,81,37,3923,2619,6542
DOGUS UNIVERSITESI,2016-2015,VAKIF,ISTANBUL,464,435,2656,1791,204,108,68,21,3392,2355,5747
DOGUS UNIVERSITESI,2015-2014,VAKIF,ISTANBUL,399,379,2454,1694,279,170,111,32,3243,2275,5518
DOKUZ EYLUL UNIVERSITESI,2019-2018,DEVLET,IZMIR,7496,3583,26367,22641,3943,4166,1079,1056,38885,31446,70331
DOKUZ EYLUL UNIVERSITESI,2018-2017,DEVLET,IZMIR,10437,4800,25487,22399,4644,4429,1224,1086,41792,32714,74506
DOKUZ EYLUL UNIVERSITESI,2017-2016,DEVLET,IZMIR,9847,4603,24998,22255,5067,4751,1096,913,41008,32522,73530
DOKUZ EYLUL UNIVERSITESI,2016-2015,DEVLET,IZMIR,8622,4128,23938,21538,4613,4491,1047,884,38220,31041,69261
DOKUZ EYLUL UNIVERSITESI,2015-2014,DEVLET,IZMIR,7762,3958,23502,21613,4311,4263,972,822,36547,30656,67203
DUMLUPINAR UNIVERSITESI,2018-2017,DEVLET,KUTAHYA,12101,6947,15833,14697,3529,1809,243,106,31706,23559,55265
DUMLUPINAR UNIVERSITESI,2017-2016,DEVLET,KUTAHYA,13088,7660,14903,14526,3432,1752,285,102,31708,24040,55748
DUMLUPINAR UNIVERSITESI,2016-2015,DEVLET,KUTAHYA,12288,7322,13909,13755,2965,1621,288,109,29450,22807,52257
DUMLUPINAR UNIVERSITESI,2015-2014,DEVLET,KUTAHYA,11225,6838,13143,13305,2532,1356,293,100,27193,21599,48792
DUZCE UNIVERSITESI,2019-2018,DEVLET,DUZCE,4135,2548,9516,7869,1332,941,223,114,15206,11472,26678
DUZCE UNIVERSITESI,2018-2017,DEVLET,DUZCE,6965,3422,8628,7418,1566,897,204,87,17363,11824,29187
DUZCE UNIVERSITESI,2017-2016,DEVLET,DUZCE,7573,3497,7382,6389,1433,739,161,73,16549,10698,27247
DUZCE UNIVERSITESI,2016-2015,DEVLET,DUZCE,7199,3277,6079,5110,1139,594,148,58,14565,9039,23604
DUZCE UNIVERSITESI,2015-2014,DEVLET,DUZCE,6634,3029,4681,4025,871,500,115,39,12301,7593,19894
EGE UNIVERSITESI,2019-2018,DEVLET,IZMIR,9807,5742,17943,17137,2529,3171,1271,1562,31550,27612,59162
EGE UNIVERSITESI,2018-2017,DEVLET,IZMIR,12931,6731,17419,17225,2930,3386,1210,1423,34490,28765,63255
EGE UNIVERSITESI,2017-2016,DEVLET,IZMIR,12585,6372,17342,17318,2913,3406,1262,1382,34102,28478,62580
EGE UNIVERSITESI,2016-2015,DEVLET,IZMIR,11224,5452,17464,17279,2432,2834,1183,1314,32303,26879,59182
EGE UNIVERSITESI,2015-2014,DEVLET,IZMIR,9646,4885,17644,17778,2018,2403,1091,1251,30399,26317,56716
ERCIYES UNIVERSITESI,2019-2018,DEVLET,KAYSERI,679,1379,21514,19281,3137,2653,943,697,26273,24010,50283
ERCIYES UNIVERSITESI,2018-2017,DEVLET,KAYSERI,9331,4786,21609,19947,3704,2752,942,615,35586,28100,63686
ERCIYES UNIVERSITESI,2017-2016,DEVLET,KAYSERI,9158,4443,20893,19329,3939,2759,873,567,34863,27098,61961
ERCIYES UNIVERSITESI,2016-2015,DEVLET,KAYSERI,8006,3691,19845,18166,3553,2501,818,548,32222,24906,57128
ERCIYES UNIVERSITESI,2015-2014,DEVLET,KAYSERI,7042,3275,19125,17639,3121,2256,758,505,30046,23675,53721
ERZINCAN BINALI YILDIRIM UNIVERSITESI,2019-2018,DEVLET,ERZINCAN,5461,3361,6064,6680,800,632,76,47,12401,10720,23121
ERZINCAN UNIVERSITESI,2018-2017,DEVLET,ERZINCAN,5002,2994,6074,6467,852,579,68,27,11996,10067,22063
ERZINCAN UNIVERSITESI,2017-2016,DEVLET,ERZINCAN,5147,2867,5955,6142,1341,667,64,23,12507,9699,22206
ERZINCAN UNIVERSITESI,2016-2015,DEVLET,ERZINCAN,4749,2676,5426,5567,1143,554,63,20,11381,8817,20198
ERZINCAN UNIVERSITESI,2015-2014,DEVLET,ERZINCAN,4331,2379,5067,5317,931,441,48,14,10377,8151,18528
ERZURUM TEKNIK UNIVERSITESI,2019-2018,DEVLET,ERZURUM,0,0,2181,1612,174,111,32,22,2387,1745,4132
ERZURUM TEKNIK UNIVERSITESI,2018-2017,DEVLET,ERZURUM,0,0,2005,1552,170,109,21,12,2196,1673,3869
ERZURUM TEKNIK UNIVERSITESI,2017-2016,DEVLET,ERZURUM,0,0,1796,1380,119,83,11,6,1926,1469,3395
ERZURUM TEKNIK UNIVERSITESI,2016-2015,DEVLET,ERZURUM,0,0,1430,1119,57,39,8,6,1495,1164,2659
ERZURUM TEKNIK UNIVERSITESI,2015-2014,DEVLET,ERZURUM,0,0,985,761,32,23,2,3,1019,787,1806
ESKISEHIR OSMANGAZI UNIVERSITESI,2019-2018,DEVLET,ESKISEHIR,1296,1103,13556,10912,1521,1151,519,406,16892,13572,30464
ESKISEHIR OSMANGAZI UNIVERSITESI,2018-2017,DEVLET,ESKISEHIR,1308,1158,12921,10719,2633,1645,589,429,17451,13951,31402
ESKISEHIR OSMANGAZI UNIVERSITESI,2017-2016,DEVLET,ESKISEHIR,1199,963,12387,10374,2733,1709,576,434,16895,13480,30375
ESKISEHIR OSMANGAZI UNIVERSITESI,2016-2015,DEVLET,ESKISEHIR,977,829,11965,9981,2266,1527,549,407,15757,12744,28501
ESKISEHIR OSMANGAZI UNIVERSITESI,2015-2014,DEVLET,ESKISEHIR,788,750,11554,10067,1918,1399,511,366,14771,12582,27353
ESKISEHIR TEKNIK UNIVERSITESI,2019-2018,DEVLET,ESKISEHIR,2374,743,4808,3765,1266,780,349,235,8797,5523,14320
FARUK SARAC TASARIM MESLEK YUKSEKOKULU,2019-2018,VAKIF MYO,BURSA,216,411,0,0,0,0,0,0,216,411,627
FARUK SARAC TASARIM MESLEK YUKSEKOKULU,2018-2017,VAKIF MYO,BURSA,161,370,0,0,0,0,0,0,161,370,531
FARUK SARAC TASARIM MESLEK YUKSEKOKULU,2017-2016,VAKIF MYO,BURSA,123,382,0,0,0,0,0,0,123,382,505
FARUK SARAC TASARIM MESLEK YUKSEKOKULU,2016-2015,VAKIF MYO,BURSA,96,314,0,0,0,0,0,0,96,314,410
FARUK SARAC TASARIM MESLEK YUKSEKOKULU,2015-2014,VAKIF MYO,BURSA,71,237,0,0,0,0,0,0,71,237,308
FATIH SULTAN MEHMET VAKIF UNIVERSITESI,2019-2018,VAKIF,ISTANBUL,367,497,2131,2863,303,408,79,76,2880,3844,6724
FATIH SULTAN MEHMET VAKIF UNIVERSITESI,2018-2017,VAKIF,ISTANBUL,378,567,2027,2835,305,339,65,52,2775,3793,6568
FATIH SULTAN MEHMET VAKIF UNIVERSITESI,2017-2016,VAKIF,ISTANBUL,407,657,1813,2686,246,280,59,34,2525,3657,6182
FATIH SULTAN MEHMET VAKIF UNIVERSITESI,2016-2015,VAKIF,ISTANBUL,336,600,1422,2229,232,230,68,38,2058,3097,5155
FATIH SULTAN MEHMET VAKIF UNIVERSITESI,2015-2014,VAKIF,ISTANBUL,212,397,1059,1741,178,178,52,33,1501,2349,3850
FATIH UNIVERSITESI,2016-2015,VAKIF,ISTANBUL,624,1066,4085,4107,2709,1089,321,218,7739,6480,14219
FATIH UNIVERSITESI,2015-2014,VAKIF,ISTANBUL,674,1050,4149,4492,2171,972,302,201,7296,6715,14011
FIRAT UNIVERSITESI,2019-2018,DEVLET,ELAZIG,4620,2752,17744,12026,1993,1314,579,350,24936,16442,41378
FIRAT UNIVERSITESI,2018-2017,DEVLET,ELAZIG,6249,3021,17035,11138,2792,1399,550,292,26626,15850,42476
FIRAT UNIVERSITESI,2017-2016,DEVLET,ELAZIG,6325,2906,16616,10535,2718,1386,487,251,26146,15078,41224
FIRAT UNIVERSITESI,2016-2015,DEVLET,ELAZIG,5724,2474,16186,9991,2300,1217,487,269,24697,13951,38648
FIRAT UNIVERSITESI,2015-2014,DEVLET,ELAZIG,5217,2246,15500,9683,1785,1018,407,235,22909,13182,36091
GALATASARAY UNIVERSITESI,2019-2018,DEVLET,ISTANBUL,129,27,1336,1329,628,726,162,152,2255,2234,4489
GALATASARAY UNIVERSITESI,2018-2017,DEVLET,ISTANBUL,115,17,1215,1231,766,848,179,147,2275,2243,4518
GALATASARAY UNIVERSITESI,2017-2016,DEVLET,ISTANBUL,120,12,1122,1119,951,1022,168,145,2361,2298,4659
GALATASARAY UNIVERSITESI,2016-2015,DEVLET,ISTANBUL,127,6,1041,1189,850,938,158,142,2176,2275,4451
GALATASARAY UNIVERSITESI,2015-2014,DEVLET,ISTANBUL,112,9,983,1188,668,711,138,126,1901,2034,3935
GAZI UNIVERSITESI,2019-2018,DEVLET,ANKARA,3936,2099,13492,13778,3245,3799,1607,1649,22280,21325,43605
GAZI UNIVERSITESI,2018-2017,DEVLET,ANKARA,4722,3220,21591,23801,5934,6068,2527,2333,34774,35422,70196
GAZI UNIVERSITESI,2017-2016,DEVLET,ANKARA,4603,3141,21568,23993,11837,9242,3024,2325,41032,38701,79733
GAZI UNIVERSITESI,2016-2015,DEVLET,ANKARA,4349,2978,20670,23941,10136,8114,2696,2124,37851,37157,75008
GAZI UNIVERSITESI,2015-2014,DEVLET,ANKARA,4967,3034,21641,25199,9138,7217,2584,1996,38330,37446,75776
GAZIANTEP UNIVERSITESI,2019-2018,DEVLET,GAZIANTEP,8078,5669,13197,12272,3105,1802,442,250,24822,19993,44815
GAZIANTEP UNIVERSITESI,2018-2017,DEVLET,GAZIANTEP,10545,6955,12670,12191,4668,2205,501,268,28384,21619,50003
GAZIANTEP UNIVERSITESI,2017-2016,DEVLET,GAZIANTEP,10529,6720,12543,11569,4922,2552,521,276,28515,21117,49632
GAZIANTEP UNIVERSITESI,2016-2015,DEVLET,GAZIANTEP,9761,5989,11458,10258,3458,2060,544,290,25221,18597,43818
GAZIANTEP UNIVERSITESI,2015-2014,DEVLET,GAZIANTEP,9442,5959,10624,9347,2379,1559,491,256,22936,17121,40057
GAZIOSMANPASA UNIVERSITESI,2018-2017,DEVLET,TOKAT,7583,4486,8583,9323,1904,1154,263,129,18333,15092,33425
GAZIOSMANPASA UNIVERSITESI,2017-2016,DEVLET,TOKAT,7832,4379,7917,8814,2053,1202,250,127,18052,14522,32574
GAZIOSMANPASA UNIVERSITESI,2016-2015,DEVLET,TOKAT,7254,3792,7143,8099,1874,1036,229,124,16500,13051,29551
GAZIOSMANPASA UNIVERSITESI,2015-2014,DEVLET,TOKAT,6507,3328,6565,7599,1718,914,223,123,15013,11964,26977
GEBZE TEKNIK UNIVERSITESI,2019-2018,DEVLET,KOCAELI,0,0,2173,1485,2101,992,472,327,4746,2804,7550
GEBZE TEKNIK UNIVERSITESI,2018-2017,DEVLET,KOCAELI,0,0,1807,1176,2819,1140,517,296,5143,2612,7755
GEBZE TEKNIK UNIVERSITESI,2017-2016,DEVLET,KOCAELI,0,0,1518,986,2530,1051,524,257,4572,2294,6866
GEBZE TEKNIK UNIVERSITESI,2016-2015,DEVLET,KOCAELI,0,0,1361,885,2146,917,481,250,3988,2052,6040
GEBZE TEKNIK UNIVERSITESI,2015-2014,DEVLET,KOCAELI,0,0,1304,829,1746,748,447,229,3497,1806,5303
GEDIK UNIVERSITESI,2016-2015,VAKIF,ISTANBUL,1096,481,1103,705,280,92,23,3,2502,1281,3783
GEDIK UNIVERSITESI,2015-2014,VAKIF,ISTANBUL,955,466,825,531,215,92,10,1,2005,1090,3095
GEDIZ UNIVERSITESI,2016-2015,VAKIF,IZMIR,553,754,2722,2846,771,253,44,22,4090,3875,7965
GEDIZ UNIVERSITESI,2015-2014,VAKIF,IZMIR,478,746,2388,2488,606,215,41,16,3513,3465,6978
GIRESUN UNIVERSITESI,2019-2018,DEVLET,GIRESUN,8198,6525,6854,8054,804,708,65,62,15921,15349,31270
GIRESUN UNIVERSITESI,2018-2017,DEVLET,GIRESUN,7872,5994,6518,7873,849,639,56,47,15295,14553,29848
GIRESUN UNIVERSITESI,2017-2016,DEVLET,GIRESUN,8290,6108,5972,7715,751,563,37,33,15050,14419,29469
GIRESUN UNIVERSITESI,2016-2015,DEVLET,GIRESUN,7819,5787,5060,7011,523,437,27,26,13429,13261,26690
GIRESUN UNIVERSITESI,2015-2014,DEVLET,GIRESUN,7126,5434,4459,6579,254,256,16,18,11855,12287,24142
GUMUSHANE UNIVERSITESI,2019-2018,DEVLET,GUMUSHANE,3019,2487,5578,5291,530,363,55,23,9182,8164,17346
GUMUSHANE UNIVERSITESI,2018-2017,DEVLET,GUMUSHANE,3941,2440,5616,5332,612,294,34,16,10203,8082,18285
GUMUSHANE UNIVERSITESI,2017-2016,DEVLET,GUMUSHANE,4191,2520,5597,5100,504,195,16,5,10308,7820,18128
GUMUSHANE UNIVERSITESI,2016-2015,DEVLET,GUMUSHANE,4002,2520,5143,4431,414,135,9,5,9568,7091,16659
GUMUSHANE UNIVERSITESI,2015-2014,DEVLET,GUMUSHANE,3704,2353,4564,3822,317,106,1,4,8586,6285,14871
HACETTEPE UNIVERSITESI,2019-2018,DEVLET,ANKARA,2871,2426,14894,20437,3415,3835,1867,2262,23047,28960,52007
HACETTEPE UNIVERSITESI,2018-2017,DEVLET,ANKARA,2854,2275,14098,19982,4016,4171,1974,2219,22942,28647,51589
HACETTEPE UNIVERSITESI,2017-2016,DEVLET,ANKARA,2582,1873,13326,19120,5124,4782,1926,2092,22958,27867,50825
HACETTEPE UNIVERSITESI,2016-2015,DEVLET,ANKARA,2332,1455,13065,18843,4398,4326,1827,2010,21622,26634,48256
HACETTEPE UNIVERSITESI,2015-2014,DEVLET,ANKARA,2149,1300,12387,17987,2900,2939,1279,1497,18715,23723,42438
HAKKARI UNIVERSITESI,2019-2018,DEVLET,HAKKARI,734,514,310,311,26,10,0,0,1070,835,1905
HAKKARI UNIVERSITESI,2018-2017,DEVLET,HAKKARI,926,594,273,243,0,0,0,0,1199,837,2036
HAKKARI UNIVERSITESI,2017-2016,DEVLET,HAKKARI,974,673,305,224,0,0,0,0,1279,897,2176
HAKKARI UNIVERSITESI,2016-2015,DEVLET,HAKKARI,947,739,390,294,0,0,0,0,1337,1033,2370
HAKKARI UNIVERSITESI,2015-2014,DEVLET,HAKKARI,884,758,563,382,0,0,0,0,1447,1140,2587
HALIC UNIVERSITESI,2019-2018,VAKIF,ISTANBUL,521,639,4044,4087,655,672,143,55,5363,5453,10816
HALIC UNIVERSITESI,2018-2017,VAKIF,ISTANBUL,480,576,3875,3965,656,597,143,40,5154,5178,10332
HALIC UNIVERSITESI,2017-2016,VAKIF,ISTANBUL,477,533,4032,4057,729,654,141,33,5379,5277,10656
HALIC UNIVERSITESI,2016-2015,VAKIF,ISTANBUL,409,359,3599,3365,728,651,150,38,4886,4413,9299
HALIC UNIVERSITESI,2015-2014,VAKIF,ISTANBUL,320,334,3079,2867,639,570,142,44,4180,3815,7995
HARRAN UNIVERSITESI,2019-2018,DEVLET,SANLIURFA,5510,3726,7048,6527,1603,846,210,95,14371,11194,25565
HARRAN UNIVERSITESI,2018-2017,DEVLET,SANLIURFA,5603,3226,6569,6103,1867,794,158,83,14197,10206,24403
HARRAN UNIVERSITESI,2017-2016,DEVLET,SANLIURFA,5565,3210,6238,5421,1480,694,113,62,13396,9387,22783
HARRAN UNIVERSITESI,2016-2015,DEVLET,SANLIURFA,5131,3039,6462,5260,1253,647,106,59,12952,9005,21957
HARRAN UNIVERSITESI,2015-2014,DEVLET,SANLIURFA,4611,2646,6500,5140,1066,529,89,53,12266,8368,20634
HASAN KALYONCU UNIVERSITESI,2019-2018,VAKIF,GAZIANTEP,209,348,2547,3291,809,505,126,96,3691,4240,7931
HASAN KALYONCU UNIVERSITESI,2018-2017,VAKIF,GAZIANTEP,207,331,2654,3309,1784,579,106,71,4751,4290,9041
HASAN KALYONCU UNIVERSITESI,2017-2016,VAKIF,GAZIANTEP,179,267,2402,2933,1367,472,72,36,4020,3708,7728
HASAN KALYONCU UNIVERSITESI,2016-2015,VAKIF,GAZIANTEP,127,131,2138,2096,878,354,57,23,3200,2604,5804
HASAN KALYONCU UNIVERSITESI,2015-2014,VAKIF,GAZIANTEP,50,38,1674,1524,706,265,55,20,2485,1847,4332
HATAY MUSTAFA KEMAL UNIVERSITESI,2019-2018,DEVLET,HATAY,4926,3596,6471,6399,1220,690,152,98,12769,10783,23552
HITIT UNIVERSITESI,2019-2018,DEVLET,CORUM,5087,2834,4661,4449,777,593,106,51,10631,7927,18558
HITIT UNIVERSITESI,2018-2017,DEVLET,CORUM,4767,2503,4625,4445,846,530,95,51,10333,7529,17862
HITIT UNIVERSITESI,2017-2016,DEVLET,CORUM,4733,2327,4332,4393,841,491,93,41,9999,7252,17251
HITIT UNIVERSITESI,2016-2015,DEVLET,CORUM,4137,1943,3853,4184,737,444,84,36,8811,6607,15418
HITIT UNIVERSITESI,2015-2014,DEVLET,CORUM,3651,1671,3435,3955,643,408,69,30,7798,6064,13862
IBN HALDUN UNIVERSITESI,2019-2018,VAKIF,ISTANBUL,0,0,205,198,249,237,64,25,518,460,978
IBN HALDUN UNIVERSITESI,2018-2017,VAKIF,ISTANBUL,0,0,107,106,86,86,34,15,227,207,434
IBN HALDUN UNIVERSITESI,2017-2016,VAKIF,ISTANBUL,0,0,0,0,38,32,27,12,65,44,109
IGDIR UNIVERSITESI,2019-2018,DEVLET,IGDIR,1510,1583,1588,1199,611,225,14,4,3723,3011,6734
IGDIR UNIVERSITESI,2018-2017,DEVLET,IGDIR,1791,1453,1396,990,385,159,5,0,3577,2602,6179
IGDIR UNIVERSITESI,2017-2016,DEVLET,IGDIR,1781,1421,1299,903,285,129,2,0,3367,2453,5820
IGDIR UNIVERSITESI,2016-2015,DEVLET,IGDIR,1702,1282,1105,752,228,108,2,0,3037,2142,5179
IGDIR UNIVERSITESI,2015-2014,DEVLET,IGDIR,1660,1110,1043,695,140,63,2,0,2845,1868,4713
IHSAN DOGRAMACI BILKENT UNIVERSITESI,2019-2018,VAKIF,ANKARA,0,0,5881,5133,390,363,232,186,6503,5682,12185
IHSAN DOGRAMACI BILKENT UNIVERSITESI,2018-2017,VAKIF,ANKARA,11,4,6026,5205,438,384,236,204,6711,5797,12508
IHSAN DOGRAMACI BILKENT UNIVERSITESI,2017-2016,VAKIF,ANKARA,11,5,5899,5171,507,403,328,246,6745,5825,12570
IHSAN DOGRAMACI BILKENT UNIVERSITESI,2016-2015,VAKIF,ANKARA,13,7,6087,5442,555,407,333,272,6988,6128,13116
IHSAN DOGRAMACI BILKENT UNIVERSITESI,2015-2014,VAKIF,ANKARA,6,2,5907,5298,433,367,293,271,6639,5938,12577
INONU UNIVERSITESI,2019-2018,DEVLET,MALATYA,2795,2079,14197,16165,1768,1264,772,407,19532,19915,39447
INONU UNIVERSITESI,2018-2017,DEVLET,MALATYA,6307,3522,13776,16098,1945,1208,842,401,22870,21229,44099
INONU UNIVERSITESI,2017-2016,DEVLET,MALATYA,6155,3179,13183,15539,1747,1117,715,341,21800,20176,41976
INONU UNIVERSITESI,2016-2015,DEVLET,MALATYA,5910,2786,12264,14434,1284,754,640,323,20098,18297,38395
INONU UNIVERSITESI,2015-2014,DEVLET,MALATYA,6061,2835,11588,13085,1089,687,583,304,19321,16911,36232
IPEK UNIVERSITESI,2016-2015,VAKIF,ANKARA,0,0,347,494,16,13,0,0,363,507,870
IPEK UNIVERSITESI,2015-2014,VAKIF,ANKARA,0,0,199,251,11,6,0,0,210,257,467
ISIK UNIVERSITESI,2019-2018,VAKIF,ISTANBUL,540,603,2794,2087,558,341,44,27,3936,3058,6994
ISIK UNIVERSITESI,2018-2017,VAKIF,ISTANBUL,467,513,2814,2202,1258,325,49,29,4588,3069,7657
ISIK UNIVERSITESI,2017-2016,VAKIF,ISTANBUL,551,489,2658,2076,916,416,45,27,4170,3008,7178
ISIK UNIVERSITESI,2016-2015,VAKIF,ISTANBUL,592,513,2381,1907,483,309,39,24,3495,2753,6248
ISIK UNIVERSITESI,2015-2014,VAKIF,ISTANBUL,459,415,2199,1808,360,249,39,25,3057,2497,5554
ISKENDERUN TEKNIK UNIVERSITESI,2019-2018,DEVLET,HATAY,3225,888,4696,1251,641,254,67,25,8629,2418,11047
ISKENDERUN TEKNIK UNIVERSITESI,2018-2017,DEVLET,HATAY,6056,1340,4386,1168,634,188,47,17,11123,2713,13836
ISKENDERUN TEKNIK UNIVERSITESI,2017-2016,DEVLET,HATAY,6537,1440,4237,1126,465,149,36,13,11275,2728,14003
ISKENDERUN TEKNIK UNIVERSITESI,2016-2015,DEVLET,HATAY,6188,1353,4136,1093,395,121,30,10,10749,2577,13326
ISPARTA UYGULAMALI BILIMLER UNIVERSITESI,2019-2018,DEVLET,ISPARTA,18568,10855,4425,1494,739,434,129,76,23861,12859,36720
ISTANBUL 29 MAYIS UNIVERSITESI,2019-2018,VAKIF,ISTANBUL,0,0,452,862,124,149,33,27,609,1038,1647
ISTANBUL 29 MAYIS UNIVERSITESI,2018-2017,VAKIF,ISTANBUL,0,0,442,839,111,139,29,26,582,1004,1586
ISTANBUL 29 MAYIS UNIVERSITESI,2017-2016,VAKIF,ISTANBUL,0,0,403,741,92,125,18,19,513,885,1398
ISTANBUL 29 MAYIS UNIVERSITESI,2016-2015,VAKIF,ISTANBUL,0,0,368,612,82,101,13,15,463,728,1191
ISTANBUL 29 MAYIS UNIVERSITESI,2015-2014,VAKIF,ISTANBUL,0,0,298,441,57,64,4,8,359,513,872
ISTANBUL AREL UNIVERSITESI,2019-2018,VAKIF,ISTANBUL,2773,2303,2909,2776,1756,944,125,110,7563,6133,13696
ISTANBUL AREL UNIVERSITESI,2018-2017,VAKIF,ISTANBUL,3706,3403,3447,3273,2575,851,131,95,9859,7622,17481
ISTANBUL AREL UNIVERSITESI,2017-2016,VAKIF,ISTANBUL,4192,3866,3748,3504,3063,935,95,75,11098,8380,19478
ISTANBUL AREL UNIVERSITESI,2016-2015,VAKIF,ISTANBUL,3842,3715,3665,3317,2471,932,88,74,10066,8038,18104
ISTANBUL AREL UNIVERSITESI,2015-2014,VAKIF,ISTANBUL,3000,3145,3525,3210,1714,754,84,53,8323,7162,15485
ISTANBUL AYDIN UNIVERSITESI,2019-2018,VAKIF,ISTANBUL,8111,6844,8403,8106,2423,1832,164,116,19101,16898,35999
ISTANBUL AYDIN UNIVERSITESI,2018-2017,VAKIF,ISTANBUL,9475,8050,8182,8143,3318,1808,189,114,21164,18115,39279
ISTANBUL AYDIN UNIVERSITESI,2017-2016,VAKIF,ISTANBUL,10136,8580,7745,7543,2841,1477,202,113,20924,17713,38637
ISTANBUL AYDIN UNIVERSITESI,2016-2015,VAKIF,ISTANBUL,9501,8390,6907,6825,2282,1198,181,106,18871,16519,35390
ISTANBUL AYDIN UNIVERSITESI,2015-2014,VAKIF,ISTANBUL,8176,7557,6338,6226,1991,1058,145,86,16650,14927,31577
ISTANBUL AYVANSARAY UNIVERSITESI,2019-2018,VAKIF,ISTANBUL,2475,2844,133,172,62,48,0,0,2670,3064,5734
ISTANBUL AYVANSARAY UNIVERSITESI,2018-2017,VAKIF,ISTANBUL,2719,3248,56,57,0,0,0,0,2775,3305,6080
ISTANBUL AYVANSARAY UNIVERSITESI,2017-2016,VAKIF,ISTANBUL,2361,3026,0,0,0,0,0,0,2361,3026,5387
ISTANBUL BILGI UNIVERSITESI,2019-2018,VAKIF,ISTANBUL,2697,2654,8441,8048,1396,1799,113,116,12647,12617,25264
ISTANBUL BILGI UNIVERSITESI,2018-2017,VAKIF,ISTANBUL,3076,3308,8383,8254,1786,1949,169,163,13414,13674,27088
ISTANBUL BILGI UNIVERSITESI,2017-2016,VAKIF,ISTANBUL,3289,3715,7930,7933,3185,2973,180,168,14584,14789,29373
ISTANBUL BILGI UNIVERSITESI,2016-2015,VAKIF,ISTANBUL,2265,2551,6853,6936,3000,2897,163,153,12281,12537,24818
ISTANBUL BILGI UNIVERSITESI,2015-2014,VAKIF,ISTANBUL,1138,1314,5644,6020,2619,2596,157,135,9558,10065,19623
ISTANBUL BILIM UNIVERSITESI,2018-2017,VAKIF,ISTANBUL,325,478,551,1281,19,90,0,6,895,1855,2750
ISTANBUL BILIM UNIVERSITESI,2017-2016,VAKIF,ISTANBUL,487,667,444,1215,20,103,0,4,951,1989,2940
ISTANBUL BILIM UNIVERSITESI,2016-2015,VAKIF,ISTANBUL,628,741,390,1197,21,113,0,5,1039,2056,3095
ISTANBUL BILIM UNIVERSITESI,2015-2014,VAKIF,ISTANBUL,633,678,398,1261,22,119,0,9,1053,2067,3120
ISTANBUL ESENYURT UNIVERSITESI,2019-2018,VAKIF,ISTANBUL,1357,1252,1926,1649,606,346,0,0,3889,3247,7136
ISTANBUL ESENYURT UNIVERSITESI,2018-2017,VAKIF,ISTANBUL,1156,1148,1770,1506,2544,451,0,0,5470,3105,8575
ISTANBUL ESENYURT UNIVERSITESI,2017-2016,VAKIF,ISTANBUL,902,937,1241,1066,1237,378,0,0,3380,2381,5761
ISTANBUL ESENYURT UNIVERSITESI,2016-2015,VAKIF,ISTANBUL,538,532,646,611,746,262,0,0,1930,1405,3335
ISTANBUL ESENYURT UNIVERSITESI,2015-2014,VAKIF,ISTANBUL,738,887,726,807,246,263,0,0,1710,1957,3667
ISTANBUL GEDIK UNIVERSITESI,2019-2018,VAKIF,ISTANBUL,948,483,1462,967,420,194,49,14,2879,1658,4537
ISTANBUL GEDIK UNIVERSITESI,2018-2017,VAKIF,ISTANBUL,1068,526,1385,855,438,101,48,8,2939,1490,4429
ISTANBUL GEDIK UNIVERSITESI,2017-2016,VAKIF,ISTANBUL,1211,550,1180,733,424,110,37,4,2852,1397,4249
ISTANBUL GELISIM UNIVERSITESI,2019-2018,VAKIF,ISTANBUL,4985,4320,6764,5630,1130,769,109,32,12988,10751,23739
ISTANBUL GELISIM UNIVERSITESI,2018-2017,VAKIF,ISTANBUL,4635,4581,5956,5304,1544,532,103,24,12238,10441,22679
ISTANBUL GELISIM UNIVERSITESI,2017-2016,VAKIF,ISTANBUL,5077,5256,5118,4707,1792,579,87,23,12074,10565,22639
ISTANBUL GELISIM UNIVERSITESI,2016-2015,VAKIF,ISTANBUL,4344,4455,3723,3285,1471,458,72,20,9610,8218,17828
ISTANBUL GELISIM UNIVERSITESI,2015-2014,VAKIF,ISTANBUL,3224,3480,2496,2031,1558,533,49,9,7327,6053,13380
ISTANBUL KAVRAM MESLEK YUKSEKOKULU,2019-2018,VAKIF MYO,ISTANBUL,995,982,0,0,0,0,0,0,995,982,1977
ISTANBUL KAVRAM MESLEK YUKSEKOKULU,2017-2016,VAKIF MYO,ISTANBUL,1983,2010,0,0,0,0,0,0,1983,2010,3993
ISTANBUL KAVRAM MESLEK YUKSEKOKULU,2016-2015,VAKIF MYO,ISTANBUL,1371,1332,0,0,0,0,0,0,1371,1332,2703
ISTANBUL KAVRAM MESLEK YUKSEKOKULU,2015-2014,VAKIF MYO,ISTANBUL,908,960,0,0,0,0,0,0,908,960,1868
ISTANBUL KEMERBURGAZ UNIVERSITESI,2017-2016,VAKIF,ISTANBUL,548,693,2438,2538,777,246,47,17,3810,3494,7304
ISTANBUL KEMERBURGAZ UNIVERSITESI,2016-2015,VAKIF,ISTANBUL,326,479,3632,3147,443,167,48,23,4449,3816,8265
ISTANBUL KEMERBURGAZ UNIVERSITESI,2015-2014,VAKIF,ISTANBUL,106,191,1489,1621,326,127,1,0,1922,1939,3861
ISTANBUL KENT UNIVERSITESI,2019-2018,VAKIF,ISTANBUL,101,344,96,540,671,351,0,0,868,1235,2103
ISTANBUL KENT UNIVERSITESI,2018-2017,VAKIF,ISTANBUL,25,93,33,232,631,26,0,0,689,351,1040
ISTANBUL KULTUR UNIVERSITESI,2019-2018,VAKIF,ISTANBUL,1726,1333,5853,5218,843,520,132,72,8554,7143,15697
ISTANBUL KULTUR UNIVERSITESI,2018-2017,VAKIF,ISTANBUL,1532,1254,5895,5402,866,442,134,65,8427,7163,15590
ISTANBUL KULTUR UNIVERSITESI,2017-2016,VAKIF,ISTANBUL,1580,1334,5476,4986,814,409,120,54,7990,6783,14773
ISTANBUL KULTUR UNIVERSITESI,2016-2015,VAKIF,ISTANBUL,1467,1257,4522,4059,626,369,120,45,6735,5730,12465
ISTANBUL KULTUR UNIVERSITESI,2015-2014,VAKIF,ISTANBUL,1341,1139,4160,3589,569,349,117,48,6187,5125,11312
ISTANBUL MEDENIYET UNIVERSITESI,2019-2018,DEVLET,ISTANBUL,0,0,2580,3304,860,492,172,146,3612,3942,7554
ISTANBUL MEDENIYET UNIVERSITESI,2018-2017,DEVLET,ISTANBUL,0,0,1561,2042,1045,401,148,104,2754,2547,5301
ISTANBUL MEDENIYET UNIVERSITESI,2017-2016,DEVLET,ISTANBUL,0,0,1077,1298,1229,391,103,61,2409,1750,4159
ISTANBUL MEDENIYET UNIVERSITESI,2016-2015,DEVLET,ISTANBUL,0,0,551,703,580,259,77,41,1208,1003,2211
ISTANBUL MEDENIYET UNIVERSITESI,2015-2014,DEVLET,ISTANBUL,0,0,320,452,405,221,51,28,776,701,1477
ISTANBUL MEDIPOL UNIVERSITESI,2019-2018,VAKIF,ISTANBUL,4180,7169,5522,11904,508,847,216,270,10426,20190,30616
ISTANBUL MEDIPOL UNIVERSITESI,2018-2017,VAKIF,ISTANBUL,3781,6901,4388,9690,513,752,179,208,8861,17551,26412
ISTANBUL MEDIPOL UNIVERSITESI,2017-2016,VAKIF,ISTANBUL,3246,5911,3036,6914,442,689,110,125,6834,13639,20473
ISTANBUL MEDIPOL UNIVERSITESI,2016-2015,VAKIF,ISTANBUL,1482,2665,1839,4153,339,546,64,81,3724,7445,11169
ISTANBUL MEDIPOL UNIVERSITESI,2015-2014,VAKIF,ISTANBUL,254,559,1043,2412,223,365,42,44,1562,3380,4942
ISTANBUL OKAN UNIVERSITESI,2019-2018,VAKIF,ISTANBUL,2351,2174,5379,5010,5593,1701,224,154,13547,9039,22586
ISTANBUL RUMELI UNIVERSITESI,2019-2018,VAKIF,ISTANBUL,624,762,223,238,489,107,0,0,1336,1107,2443
ISTANBUL RUMELI UNIVERSITESI,2018-2017,VAKIF,ISTANBUL,473,597,111,118,307,44,0,0,891,759,1650
ISTANBUL RUMELI UNIVERSITESI,2017-2016,VAKIF,ISTANBUL,296,332,19,29,0,0,0,0,315,361,676
ISTANBUL SABAHATTIN ZAIM UNIVERSITESI,2019-2018,VAKIF,ISTANBUL,0,0,2750,4540,1609,994,440,120,4799,5654,10453
ISTANBUL SABAHATTIN ZAIM UNIVERSITESI,2018-2017,VAKIF,ISTANBUL,0,0,2381,4057,1641,782,381,77,4403,4916,9319
ISTANBUL SABAHATTIN ZAIM UNIVERSITESI,2017-2016,VAKIF,ISTANBUL,0,0,1709,3238,1278,529,249,50,3236,3817,7053
ISTANBUL SABAHATTIN ZAIM UNIVERSITESI,2016-2015,VAKIF,ISTANBUL,0,0,1091,2188,872,341,136,30,2099,2559,4658
ISTANBUL SABAHATTIN ZAIM UNIVERSITESI,2015-2014,VAKIF,ISTANBUL,0,0,572,1235,474,175,51,10,1097,1420,2517
ISTANBUL SEHIR UNIVERSITESI,2019-2018,VAKIF,ISTANBUL,336,393,2384,2135,454,365,13,28,3187,2921,6108
ISTANBUL SEHIR UNIVERSITESI,2018-2017,VAKIF,ISTANBUL,185,278,2229,1909,435,286,14,17,2863,2490,5353
ISTANBUL SEHIR UNIVERSITESI,2017-2016,VAKIF,ISTANBUL,85,113,2131,1789,467,236,12,15,2695,2153,4848
ISTANBUL SEHIR UNIVERSITESI,2016-2015,VAKIF,ISTANBUL,0,0,1847,1510,444,201,12,9,2303,1720,4023
ISTANBUL SEHIR UNIVERSITESI,2015-2014,VAKIF,ISTANBUL,0,0,1548,1267,375,195,2,6,1925,1468,3393
ISTANBUL SISLI MESLEK YUKSEKOKULU,2019-2018,VAKIF MYO,ISTANBUL,1855,2190,0,0,0,0,0,0,1855,2190,4045
ISTANBUL SISLI MESLEK YUKSEKOKULU,2018-2017,VAKIF MYO,ISTANBUL,1353,1665,0,0,0,0,0,0,1353,1665,3018
ISTANBUL SISLI MESLEK YUKSEKOKULU,2017-2016,VAKIF MYO,ISTANBUL,1085,1435,0,0,0,0,0,0,1085,1435,2520
ISTANBUL SISLI MESLEK YUKSEKOKULU,2016-2015,VAKIF MYO,ISTANBUL,899,1360,0,0,0,0,0,0,899,1360,2259
ISTANBUL SISLI MESLEK YUKSEKOKULU,2015-2014,VAKIF MYO,ISTANBUL,597,1144,0,0,0,0,0,0,597,1144,1741
ISTANBUL TEKNIK UNIVERSITESI,2019-2018,DEVLET,ISTANBUL,41,6,17871,8362,5633,3580,2208,1555,25753,13503,39256
ISTANBUL TEKNIK UNIVERSITESI,2018-2017,DEVLET,ISTANBUL,44,6,17171,8031,6869,4173,2182,1535,26266,13745,40011
ISTANBUL TEKNIK UNIVERSITESI,2017-2016,DEVLET,ISTANBUL,47,7,15978,7442,7299,4535,2399,1622,25723,13606,39329
ISTANBUL TEKNIK UNIVERSITESI,2016-2015,DEVLET,ISTANBUL,50,7,15918,7461,6865,4222,2205,1470,25038,13160,38198
ISTANBUL TEKNIK UNIVERSITESI,2015-2014,DEVLET,ISTANBUL,55,7,15188,7031,6420,3907,2005,1309,23668,12254,35922
ISTANBUL TICARET UNIVERSITESI,2019-2018,VAKIF,ISTANBUL,120,90,3468,2729,1252,808,325,170,5165,3797,8962
ISTANBUL TICARET UNIVERSITESI,2018-2017,VAKIF,ISTANBUL,125,95,3278,2572,1506,929,354,145,5263,3741,9004
ISTANBUL TICARET UNIVERSITESI,2017-2016,VAKIF,ISTANBUL,143,103,3158,2620,1204,818,300,116,4805,3657,8462
ISTANBUL TICARET UNIVERSITESI,2016-2015,VAKIF,ISTANBUL,210,147,2911,2393,1099,873,291,104,4511,3517,8028
ISTANBUL TICARET UNIVERSITESI,2015-2014,VAKIF,ISTANBUL,306,215,2645,2235,941,816,217,82,4109,3348,7457
ISTANBUL UNIVERSITESI,2019-2018,DEVLET,ISTANBUL,28889,43361,86953,126988,6950,6620,3135,2734,125927,179703,305630
ISTANBUL UNIVERSITESI,2018-2017,DEVLET,ISTANBUL,28651,38251,85185,94995,10462,9221,4016,3683,128314,146150,274464
ISTANBUL UNIVERSITESI,2017-2016,DEVLET,ISTANBUL,23324,30120,79692,89019,12190,9584,4263,3581,119469,132304,251773
ISTANBUL UNIVERSITESI,2016-2015,DEVLET,ISTANBUL,18333,22206,66375,67581,8756,8166,3796,3295,97260,101248,198508
ISTANBUL UNIVERSITESI,2015-2014,DEVLET,ISTANBUL,13626,14394,60798,62161,7990,7545,3573,3103,85987,87203,173190
ISTANBUL UNIVERSITESI-CERRAHPASA,2019-2018,DEVLET,ISTANBUL,7935,4483,10744,9785,1768,1910,944,1119,21391,17297,38688
ISTANBUL YENI YUZYIL UNIVERSITESI,2019-2018,VAKIF,ISTANBUL,784,939,2611,2929,1218,368,34,15,4647,4251,8898
ISTANBUL YENI YUZYIL UNIVERSITESI,2018-2017,VAKIF,ISTANBUL,735,892,2740,2984,1103,315,24,12,4602,4203,8805
ISTANBUL YENI YUZYIL UNIVERSITESI,2017-2016,VAKIF,ISTANBUL,873,1051,2533,2817,1031,402,12,7,4449,4277,8726
ISTINYE UNIVERSITESI,2019-2018,VAKIF,ISTANBUL,809,1216,1004,1987,234,198,0,0,2047,3401,5448
ISTINYE UNIVERSITESI,2018-2017,VAKIF,ISTANBUL,501,694,324,837,161,73,0,0,986,1604,2590
ISTINYE UNIVERSITESI,2017-2016,VAKIF,ISTANBUL,122,206,73,180,7,16,0,0,202,402,604
IZMIR BAKIRCAY UNIVERSITESI,2019-2018,DEVLET,IZMIR,25,40,338,428,0,0,0,0,363,468,831
IZMIR DEMOKRASI UNIVERSITESI,2019-2018,DEVLET,IZMIR,0,0,910,1055,152,120,2,2,1064,1177,2241
IZMIR DEMOKRASI UNIVERSITESI,2018-2017,DEVLET,IZMIR,0,0,66,90,113,31,0,0,179,121,300
IZMIR EKONOMI UNIVERSITESI,2019-2018,VAKIF,IZMIR,726,877,3483,3560,328,270,36,42,4573,4749,9322
IZMIR EKONOMI UNIVERSITESI,2018-2017,VAKIF,IZMIR,740,923,3602,3643,498,296,35,37,4875,4899,9774
IZMIR EKONOMI UNIVERSITESI,2017-2016,VAKIF,IZMIR,754,939,3619,3583,661,337,30,39,5064,4898,9962
IZMIR EKONOMI UNIVERSITESI,2016-2015,VAKIF,IZMIR,619,687,3827,4042,559,378,39,42,5044,5149,10193
IZMIR EKONOMI UNIVERSITESI,2015-2014,VAKIF,IZMIR,386,388,3022,3094,370,282,28,35,3806,3799,7605
IZMIR KATIP CELEBI UNIVERSITESI,2019-2018,DEVLET,IZMIR,222,426,4524,4822,1363,770,196,114,6305,6132,12437
IZMIR KATIP CELEBI UNIVERSITESI,2018-2017,DEVLET,IZMIR,167,399,3789,4071,1539,705,178,102,5673,5277,10950
IZMIR KATIP CELEBI UNIVERSITESI,2017-2016,DEVLET,IZMIR,154,393,3172,3351,1879,878,174,86,5379,4708,10087
IZMIR KATIP CELEBI UNIVERSITESI,2016-2015,DEVLET,IZMIR,61,237,2121,2299,965,674,110,64,3257,3274,6531
IZMIR KATIP CELEBI UNIVERSITESI,2015-2014,DEVLET,IZMIR,27,146,1500,1567,713,550,84,49,2324,2312,4636
IZMIR KAVRAM MESLEK YUKSEKOKULU,2019-2018,VAKIF MYO,ISTANBUL,250,360,0,0,0,0,0,0,250,360,610
IZMIR UNIVERSITESI,2016-2015,VAKIF,IZMIR,206,296,2310,2628,307,217,0,0,2823,3141,5964
IZMIR UNIVERSITESI,2015-2014,VAKIF,IZMIR,148,205,2045,2263,227,173,0,0,2420,2641,5061
IZMIR YUKSEK TEKNOLOJI ENSTITUSU,2019-2018,DEVLET,IZMIR,0,0,2051,1698,518,497,205,213,2774,2408,5182
IZMIR YUKSEK TEKNOLOJI ENSTITUSU,2018-2017,DEVLET,IZMIR,0,0,1916,1501,641,616,205,251,2762,2368,5130
IZMIR YUKSEK TEKNOLOJI ENSTITUSU,2017-2016,DEVLET,IZMIR,0,0,1701,1369,682,615,201,271,2584,2255,4839
IZMIR YUKSEK TEKNOLOJI ENSTITUSU,2016-2015,DEVLET,IZMIR,0,0,1529,1247,601,561,174,255,2304,2063,4367
IZMIR YUKSEK TEKNOLOJI ENSTITUSU,2015-2014,DEVLET,IZMIR,0,0,1451,1207,540,495,169,219,2160,1921,4081
KADIR HAS UNIVERSITESI,2019-2018,VAKIF,ISTANBUL,239,225,2628,2625,339,342,177,69,3383,3261,6644
KADIR HAS UNIVERSITESI,2018-2017,VAKIF,ISTANBUL,475,334,2626,2554,449,395,212,65,3762,3348,7110
KADIR HAS UNIVERSITESI,2017-2016,VAKIF,ISTANBUL,512,343,2628,2437,449,353,212,59,3801,3192,6993
KADIR HAS UNIVERSITESI,2016-2015,VAKIF,ISTANBUL,492,320,2463,2199,387,313,186,46,3528,2878,6406
KADIR HAS UNIVERSITESI,2015-2014,VAKIF,ISTANBUL,445,317,2441,2097,334,278,170,48,3390,2740,6130
KAFKAS UNIVERSITESI,2019-2018,DEVLET,KARS,3057,2820,6780,6248,679,514,84,63,10600,9645,20245
KAFKAS UNIVERSITESI,2018-2017,DEVLET,KARS,2804,2500,6620,6004,794,557,73,51,10291,9112,19403
KAFKAS UNIVERSITESI,2017-2016,DEVLET,KARS,2778,2520,6271,5522,877,573,65,52,9991,8667,18658
KAFKAS UNIVERSITESI,2016-2015,DEVLET,KARS,2860,2490,5928,5086,714,463,69,56,9571,8095,17666
KAFKAS UNIVERSITESI,2015-2014,DEVLET,KARS,2724,2276,5405,4735,607,384,67,45,8803,7440,16243
KAHRAMANMARAS ISTIKLAL UNIVERSITESI,2019-2018,DEVLET,KAHRAMANMARAS,1167,321,0,0,0,0,0,0,1167,321,1488
KAHRAMANMARAS SUTCU IMAM UNIVERSITESI,2019-2018,DEVLET,KAHRAMANMARAS,7414,5239,8834,8261,2365,1249,291,168,18904,14917,33821
KAHRAMANMARAS SUTCU IMAM UNIVERSITESI,2018-2017,DEVLET,KAHRAMANMARAS,9673,5444,8423,7970,3266,1258,315,163,21677,14835,36512
KAHRAMANMARAS SUTCU IMAM UNIVERSITESI,2017-2016,DEVLET,KAHRAMANMARAS,10015,5165,7825,7452,4232,1532,327,158,22399,14307,36706
KAHRAMANMARAS SUTCU IMAM UNIVERSITESI,2016-2015,DEVLET,KAHRAMANMARAS,9340,4675,7374,6936,3505,1501,324,164,20543,13276,33819
KAHRAMANMARAS SUTCU IMAM UNIVERSITESI,2015-2014,DEVLET,KAHRAMANMARAS,8152,4036,6800,6425,2492,1169,232,128,17676,11758,29434
KAPADOKYA MESLEK YUKSEKOKULU,2017-2016,VAKIF MYO,NEVSEHIR,1858,1960,0,0,0,0,0,0,1858,1960,3818
KAPADOKYA MESLEK YUKSEKOKULU,2016-2015,VAKIF MYO,NEVSEHIR,1540,1612,0,0,0,0,0,0,1540,1612,3152
KAPADOKYA MESLEK YUKSEKOKULU,2015-2014,VAKIF MYO,NEVSEHIR,907,923,0,0,0,0,0,0,907,923,1830
KAPADOKYA UNIVERSITESI,2019-2018,VAKIF,NEVSEHIR,2063,2029,100,185,52,19,0,0,2215,2233,4448
KAPADOKYA UNIVERSITESI,2018-2017,VAKIF,NEVSEHIR,2256,2077,0,0,0,0,0,0,2256,2077,4333
KARABUK UNIVERSITESI,2019-2018,DEVLET,KARABUK,8786,5840,20814,13010,1955,1187,369,89,31924,20126,52050
KARABUK UNIVERSITESI,2018-2017,DEVLET,KARABUK,8148,5258,20984,13595,1838,953,346,66,31316,19872,51188
KARABUK UNIVERSITESI,2017-2016,DEVLET,KARABUK,8281,5409,20623,13291,1863,808,319,50,31086,19558,50644
KARABUK UNIVERSITESI,2016-2015,DEVLET,KARABUK,7364,5278,19647,12140,1483,653,282,46,28776,18117,46893
KARABUK UNIVERSITESI,2015-2014,DEVLET,KARABUK,6102,4384,17124,10494,1267,518,245,42,24738,15438,40176
KARADENIZ TEKNIK UNIVERSITESI,2019-2018,DEVLET,TRABZON,2635,1552,16548,13043,1835,1490,700,519,21718,16604,38322
KARADENIZ TEKNIK UNIVERSITESI,2018-2017,DEVLET,TRABZON,7330,4454,19602,18453,3278,2413,889,673,31099,25993,57092
KARADENIZ TEKNIK UNIVERSITESI,2017-2016,DEVLET,TRABZON,7188,4314,19403,18423,3590,2477,843,638,31024,25852,56876
KARADENIZ TEKNIK UNIVERSITESI,2016-2015,DEVLET,TRABZON,6652,3837,19391,18203,3875,2771,801,594,30719,25405,56124
KARADENIZ TEKNIK UNIVERSITESI,2015-2014,DEVLET,TRABZON,6344,3489,19622,18178,3058,2371,755,560,29779,24598,54377
KARAMANOGLU MEHMETBEY UNIVERSITESI,2019-2018,DEVLET,KARAMAN,2575,3039,3622,4293,695,482,25,24,6917,7838,14755
KARAMANOGLU MEHMETBEY UNIVERSITESI,2018-2017,DEVLET,KARAMAN,3284,3140,3418,4044,610,355,9,12,7321,7551,14872
KARAMANOGLU MEHMETBEY UNIVERSITESI,2017-2016,DEVLET,KARAMAN,3282,2926,3261,3975,400,279,5,9,6948,7189,14137
KARAMANOGLU MEHMETBEY UNIVERSITESI,2016-2015,DEVLET,KARAMAN,2819,2386,2996,3704,320,228,5,9,6140,6327,12467
KARAMANOGLU MEHMETBEY UNIVERSITESI,2015-2014,DEVLET,KARAMAN,2403,1923,2703,3539,216,150,6,12,5328,5624,10952
KASTAMONU UNIVERSITESI,2019-2018,DEVLET,KASTAMONU,5599,3568,8433,8461,2687,1414,244,107,16963,13550,30513
KASTAMONU UNIVERSITESI,2018-2017,DEVLET,KASTAMONU,7147,3644,7210,7983,2018,844,201,87,16576,12558,29134
KASTAMONU UNIVERSITESI,2017-2016,DEVLET,KASTAMONU,7575,3688,6196,7501,1061,675,154,61,14986,11925,26911
KASTAMONU UNIVERSITESI,2016-2015,DEVLET,KASTAMONU,6919,3433,5116,6577,681,474,115,47,12831,10531,23362
KASTAMONU UNIVERSITESI,2015-2014,DEVLET,KASTAMONU,6449,3250,4176,5736,466,299,45,29,11136,9314,20450
KAYSERI UNIVERSITESI,2019-2018,DEVLET,KAYSERI,9358,3898,811,611,62,36,3,3,10234,4548,14782
KILIS 7 ARALIK UNIVERSITESI,2019-2018,DEVLET,KILIS,1459,1237,2534,3237,225,140,1,0,4219,4614,8833
KILIS 7 ARALIK UNIVERSITESI,2018-2017,DEVLET,KILIS,1795,1311,2498,3206,231,104,1,2,4525,4623,9148
KILIS 7 ARALIK UNIVERSITESI,2017-2016,DEVLET,KILIS,1379,1077,2365,3157,94,50,0,1,3838,4285,8123
KILIS 7 ARALIK UNIVERSITESI,2016-2015,DEVLET,KILIS,1339,1145,2543,3371,98,50,1,1,3981,4567,8548
KILIS 7 ARALIK UNIVERSITESI,2015-2014,DEVLET,KILIS,1179,963,2228,3078,93,58,2,2,3502,4101,7603
KIRIKKALE UNIVERSITESI,2019-2018,DEVLET,KIRIKKALE,5338,3001,11894,12602,1745,1268,393,186,19370,17057,36427
KIRIKKALE UNIVERSITESI,2018-2017,DEVLET,KIRIKKALE,8075,3413,11426,12389,2387,1307,411,177,22299,17286,39585
KIRIKKALE UNIVERSITESI,2017-2016,DEVLET,KIRIKKALE,8019,3229,10366,11623,2557,1311,415,172,21357,16335,37692
KIRIKKALE UNIVERSITESI,2016-2015,DEVLET,KIRIKKALE,7167,3005,9310,10415,2096,1188,366,157,18939,14765,33704
KIRIKKALE UNIVERSITESI,2015-2014,DEVLET,KIRIKKALE,6351,2723,8562,9475,1684,1018,330,138,16927,13354,30281
KIRKLARELI UNIVERSITESI,2019-2018,DEVLET,KIRKLARELI,5793,4232,5410,6148,722,421,11,12,11936,10813,22749
KIRKLARELI UNIVERSITESI,2018-2017,DEVLET,KIRKLARELI,8285,5567,4862,5963,801,361,15,10,13963,11901,25864
KIRKLARELI UNIVERSITESI,2017-2016,DEVLET,KIRKLARELI,8723,5774,4068,5457,379,286,14,5,13184,11522,24706
KIRKLARELI UNIVERSITESI,2016-2015,DEVLET,KIRKLARELI,7979,5424,3153,4731,293,224,13,3,11438,10382,21820
KIRKLARELI UNIVERSITESI,2015-2014,DEVLET,KIRKLARELI,7056,4872,2400,3946,208,170,12,3,9676,8991,18667
KIRSEHIR AHI EVRAN UNIVERSITESI,2019-2018,DEVLET,KIRSEHIR,3676,2514,4411,5791,519,439,33,29,8639,8773,17412
KOC UNIVERSITESI,2019-2018,VAKIF,ISTANBUL,0,0,3356,3157,376,430,323,305,4055,3892,7947
KOC UNIVERSITESI,2018-2017,VAKIF,ISTANBUL,0,0,3039,3092,344,382,295,269,3678,3743,7421
KOC UNIVERSITESI,2017-2016,VAKIF,ISTANBUL,0,0,3114,3314,466,455,311,270,3891,4039,7930
KOC UNIVERSITESI,2016-2015,VAKIF,ISTANBUL,0,0,3357,3691,510,439,286,237,4153,4367,8520
KOC UNIVERSITESI,2015-2014,VAKIF,ISTANBUL,0,0,2090,2352,329,287,211,161,2630,2800,5430
KOCAELI UNIVERSITESI,2019-2018,DEVLET,KOCAELI,15637,8593,23775,17466,2860,2105,637,450,42909,28614,71523
KOCAELI UNIVERSITESI,2018-2017,DEVLET,KOCAELI,23080,11795,22467,17109,3555,2172,669,447,49771,31523,81294
KOCAELI UNIVERSITESI,2017-2016,DEVLET,KOCAELI,23451,11993,21505,16699,3653,2021,650,372,49259,31085,80344
KOCAELI UNIVERSITESI,2016-2015,DEVLET,KOCAELI,21018,11489,21203,16725,3438,1841,561,332,46220,30387,76607
KOCAELI UNIVERSITESI,2015-2014,DEVLET,KOCAELI,20729,11304,20572,16992,2236,1223,399,234,43936,29753,73689
KONYA GIDA VE TARIM UNIVERSITESI,2019-2018,VAKIF,KONYA,0,0,157,163,41,31,0,0,198,194,392
KONYA GIDA VE TARIM UNIVERSITESI,2018-2017,VAKIF,KONYA,0,0,80,76,34,19,0,0,114,95,209
KONYA GIDA VE TARIM UNIVERSITESI,2017-2016,VAKIF,KONYA,0,0,32,37,23,10,0,0,55,47,102
KONYA TEKNIK UNIVERSITESI,2019-2018,DEVLET,KONYA,4805,1026,6294,2354,1248,500,304,93,12651,3973,16624
KTO KARATAY UNIVERSITESI,2019-2018,VAKIF,KONYA,244,650,2955,3639,296,293,29,12,3524,4594,8118
KTO KARATAY UNIVERSITESI,2018-2017,VAKIF,KONYA,184,487,2848,3150,358,233,16,9,3406,3879,7285
KTO KARATAY UNIVERSITESI,2017-2016,VAKIF,KONYA,104,224,2547,2479,418,194,6,4,3075,2901,5976
KTO KARATAY UNIVERSITESI,2016-2015,VAKIF,KONYA,50,85,1859,1487,345,155,2,3,2256,1730,3986
KTO KARATAY UNIVERSITESI,2015-2014,VAKIF,KONYA,37,73,1397,1006,220,88,1,2,1655,1169,2824
KUTAHYA DUMLUPINAR UNIVERSITESI,2019-2018,DEVLET,KUTAHYA,8652,5075,15195,12669,2466,1558,225,105,26538,19407,45945
KUTAHYA SAGLIK BILIMLERI UNIVERSITESI,2019-2018,DEVLET,KUTAHYA,149,367,682,1527,7,28,6,7,844,1929,2773
LOKMAN HEKIM UNIVERSITESI,2019-2018,VAKIF,ANKARA,31,49,80,214,0,7,0,0,111,270,381
MALATYA TURGUT OZAL UNIVERSITESI,2019-2018,DEVLET,MALATYA,2292,1348,214,147,0,0,0,0,2506,1495,4001
MALTEPE UNIVERSITESI,2019-2018,VAKIF,ISTANBUL,720,628,4135,4785,696,729,183,149,5734,6291,12025
MALTEPE UNIVERSITESI,2018-2017,VAKIF,ISTANBUL,635,557,4086,4863,1005,730,244,176,5970,6326,12296
MALTEPE UNIVERSITESI,2017-2016,VAKIF,ISTANBUL,603,532,3723,4546,1239,718,226,163,5791,5959,11750
MALTEPE UNIVERSITESI,2016-2015,VAKIF,ISTANBUL,478,442,3516,4172,1063,645,209,134,5266,5393,10659
MALTEPE UNIVERSITESI,2015-2014,VAKIF,ISTANBUL,351,331,3120,3865,706,506,157,123,4334,4825,9159
MANISA CEL?L BAYAR UNIVERSITESI,2019-2018,DEVLET,MANISA,9300,6325,15713,13195,1780,1546,263,238,27056,21304,48360
MANISA CEL?L BAYAR UNIVERSITESI,2018-2017,DEVLET,MANISA,12609,7839,15191,13005,2436,1757,316,248,30552,22849,53401
MANISA CEL?L BAYAR UNIVERSITESI,2017-2016,DEVLET,MANISA,13561,8274,13922,12300,2423,1802,298,241,30204,22617,52821
MARDIN ARTUKLU UNIVERSITESI,2019-2018,DEVLET,MARDIN,2768,2054,2277,2586,653,258,34,10,5732,4908,10640
MARDIN ARTUKLU UNIVERSITESI,2018-2017,DEVLET,MARDIN,2499,1637,1835,2267,637,209,33,11,5004,4124,9128
MARDIN ARTUKLU UNIVERSITESI,2017-2016,DEVLET,MARDIN,2502,1424,1472,1940,739,262,28,12,4741,3638,8379
MARDIN ARTUKLU UNIVERSITESI,2016-2015,DEVLET,MARDIN,2431,1394,1320,1672,608,252,23,14,4382,3332,7714
MARDIN ARTUKLU UNIVERSITESI,2015-2014,DEVLET,MARDIN,2157,1203,1161,1417,535,194,20,10,3873,2824,6697
MARMARA UNIVERSITESI,2019-2018,DEVLET,ISTANBUL,4510,3789,23503,24457,8678,8450,2258,1847,38949,38543,77492
MARMARA UNIVERSITESI,2018-2017,DEVLET,ISTANBUL,5758,4822,22847,24369,11396,9630,2506,1812,42507,40633,83140
MARMARA UNIVERSITESI,2017-2016,DEVLET,ISTANBUL,5367,4566,22567,24432,10952,9164,2510,1701,41396,39863,81259
MARMARA UNIVERSITESI,2016-2015,DEVLET,ISTANBUL,4745,4042,22174,24688,9858,8328,2363,1625,39140,38683,77823
MARMARA UNIVERSITESI,2015-2014,DEVLET,ISTANBUL,4129,3624,22072,25183,8749,7408,2186,1513,37136,37728,74864
MEF UNIVERSITESI,2019-2018,VAKIF,ISTANBUL,5,3,1324,1719,103,53,0,0,1432,1775,3207
MEF UNIVERSITESI,2018-2017,VAKIF,ISTANBUL,14,36,1126,1423,54,30,0,0,1194,1489,2683
MEF UNIVERSITESI,2017-2016,VAKIF,ISTANBUL,27,66,793,995,28,6,0,0,848,1067,1915
MEF UNIVERSITESI,2016-2015,VAKIF,ISTANBUL,16,33,570,650,1,3,0,0,587,686,1273
MEF UNIVERSITESI,2015-2014,VAKIF,ISTANBUL,0,0,276,332,0,0,0,0,276,332,608
MEHMET AKIF ERSOY UNIVERSITESI,2018-2017,DEVLET,BURDUR,7338,5161,7949,8168,1119,702,108,63,16514,14094,30608
MEHMET AKIF ERSOY UNIVERSITESI,2017-2016,DEVLET,BURDUR,7658,5104,6884,7402,972,613,85,41,15599,13160,28759
MEHMET AKIF ERSOY UNIVERSITESI,2016-2015,DEVLET,BURDUR,7003,4547,5360,6091,790,494,73,36,13226,11168,24394
MEHMET AKIF ERSOY UNIVERSITESI,2015-2014,DEVLET,BURDUR,6410,4273,4530,5495,538,391,49,26,11527,10185,21712
MELIKSAH UNIVERSITESI,2016-2015,VAKIF,KAYSERI,0,0,2047,1939,331,136,31,16,2409,2091,4500
MELIKSAH UNIVERSITESI,2015-2014,VAKIF,KAYSERI,0,0,1813,1702,298,107,42,17,2153,1826,3979
MERSIN UNIVERSITESI,2019-2018,DEVLET,MERSIN,9053,4921,11320,9885,1640,1566,296,312,22309,16684,38993
MERSIN UNIVERSITESI,2018-2017,DEVLET,MERSIN,13997,7550,11345,9701,2299,1797,303,306,27944,19354,47298
MERSIN UNIVERSITESI,2017-2016,DEVLET,MERSIN,13649,7263,9983,8959,2663,1812,257,263,26552,18297,44849
MERSIN UNIVERSITESI,2016-2015,DEVLET,MERSIN,12500,6572,8985,8371,2231,1665,221,247,23937,16855,40792
MERSIN UNIVERSITESI,2015-2014,DEVLET,MERSIN,10814,5856,7900,7815,1653,1430,191,210,20558,15311,35869
MEVLANA UNIVERSITESI,2016-2015,VAKIF,KONYA,114,124,1508,2146,609,174,26,13,2257,2457,4714
MEVLANA UNIVERSITESI,2015-2014,VAKIF,KONYA,124,113,1301,1989,236,113,18,12,1679,2227,3906
MIMAR SINAN GUZEL SANATLAR UNIVERSITESI,2019-2018,DEVLET,ISTANBUL,61,175,3295,4437,893,1284,280,461,4529,6357,10886
MIMAR SINAN GUZEL SANATLAR UNIVERSITESI,2018-2017,DEVLET,ISTANBUL,54,173,3077,4220,1125,1415,301,453,4557,6261,10818
MIMAR SINAN GUZEL SANATLAR UNIVERSITESI,2017-2016,DEVLET,ISTANBUL,46,142,2871,4042,1163,1485,216,294,4296,5963,10259
MIMAR SINAN GUZEL SANATLAR UNIVERSITESI,2016-2015,DEVLET,ISTANBUL,50,124,2652,3866,1353,1655,199,270,4254,5915,10169
MIMAR SINAN GUZEL SANATLAR UNIVERSITESI,2015-2014,DEVLET,ISTANBUL,41,125,2475,3879,724,909,157,230,3397,5143,8540
MUGLA SITKI KOCMAN UNIVERSITESI,2019-2018,DEVLET,MUGLA,8851,5311,12918,11105,1150,1209,290,224,23209,17849,41058
MUGLA SITKI KOCMAN UNIVERSITESI,2018-2017,DEVLET,MUGLA,11523,6079,12537,10877,1935,1408,283,203,26278,18567,44845
MUGLA SITKI KOCMAN UNIVERSITESI,2017-2016,DEVLET,MUGLA,11095,5718,11671,10694,2046,1340,248,175,25060,17927,42987
MUGLA SITKI KOCMAN UNIVERSITESI,2016-2015,DEVLET,MUGLA,10170,4967,10721,9781,1690,1160,228,162,22809,16070,38879
MUGLA SITKI KOCMAN UNIVERSITESI,2015-2014,DEVLET,MUGLA,9256,4524,10176,9228,1186,891,201,145,20819,14788,35607
MUNZUR UNIVERSITESI,2019-2018,DEVLET,TUNCELI,1184,1034,1546,1065,283,108,6,6,3019,2213,5232
MUNZUR UNIVERSITESI,2018-2017,DEVLET,TUNCELI,1433,1127,1885,1198,275,85,4,3,3597,2413,6010
MUNZUR UNIVERSITESI,2017-2016,DEVLET,TUNCELI,1554,1234,2254,1360,233,88,6,4,4047,2686,6733
MURAT HUDAVENDIGAR UNIVERSITESI,2016-2015,VAKIF,ISTANBUL,0,0,77,114,10,12,0,0,87,126,213
MURAT HUDAVENDIGAR UNIVERSITESI,2015-2014,VAKIF,ISTANBUL,0,0,25,25,0,0,0,0,25,25,50
MUS ALPARSLAN UNIVERSITESI,2019-2018,DEVLET,MUS,1665,984,2338,2682,299,93,2,0,4304,3759,8063
MUS ALPARSLAN UNIVERSITESI,2018-2017,DEVLET,MUS,1948,1021,2403,2765,191,55,0,0,4542,3841,8383
MUS ALPARSLAN UNIVERSITESI,2017-2016,DEVLET,MUS,2061,1017,2615,2781,201,37,0,0,4877,3835,8712
MUS ALPARSLAN UNIVERSITESI,2016-2015,DEVLET,MUS,2139,1061,2769,2778,196,50,0,0,5104,3889,8993
MUS ALPARSLAN UNIVERSITESI,2015-2014,DEVLET,MUS,2142,1099,2918,2726,167,34,0,0,5227,3859,9086
MUSTAFA KEMAL UNIVERSITESI,2018-2017,DEVLET,HATAY,5722,3970,6331,6424,1356,716,160,90,13569,11200,24769
MUSTAFA KEMAL UNIVERSITESI,2017-2016,DEVLET,HATAY,5685,3964,6150,6173,1095,678,139,77,13069,10892,23961
MUSTAFA KEMAL UNIVERSITESI,2016-2015,DEVLET,HATAY,5285,3902,6068,5989,851,602,135,74,12339,10567,22906
MUSTAFA KEMAL UNIVERSITESI,2015-2014,DEVLET,HATAY,10735,4965,9958,7145,988,612,142,62,21823,12784,34607
NAMIK KEMAL UNIVERSITESI,2018-2017,DEVLET,TEKIRDAG,12519,6251,6438,5341,1226,982,142,125,20325,12699,33024
NAMIK KEMAL UNIVERSITESI,2017-2016,DEVLET,TEKIRDAG,13080,6664,5891,4844,1473,1066,137,117,20581,12691,33272
NAMIK KEMAL UNIVERSITESI,2016-2015,DEVLET,TEKIRDAG,12316,6282,5295,4423,1310,980,134,117,19055,11802,30857
NAMIK KEMAL UNIVERSITESI,2015-2014,DEVLET,TEKIRDAG,11358,6021,4650,3882,1091,817,126,105,17225,10825,28050
NECMETTIN ERBAKAN UNIVERSITESI,2019-2018,DEVLET,KONYA,2330,852,11224,14340,2967,2394,519,287,17040,17873,34913
NECMETTIN ERBAKAN UNIVERSITESI,2018-2017,DEVLET,KONYA,2855,888,10430,13677,4364,2934,590,267,18239,17766,36005
NECMETTIN ERBAKAN UNIVERSITESI,2017-2016,DEVLET,KONYA,3324,973,9060,12797,4058,2826,532,206,16974,16802,33776
NECMETTIN ERBAKAN UNIVERSITESI,2016-2015,DEVLET,KONYA,3105,884,7872,11622,3252,2499,472,187,14701,15192,29893
NECMETTIN ERBAKAN UNIVERSITESI,2015-2014,DEVLET,KONYA,2910,819,6880,10715,2136,1850,362,171,12288,13555,25843
NEVSEHIR HACI BEKTAS VELI UNIVERSITESI,2019-2018,DEVLET,NEVSEHIR,3282,3191,4434,6443,1034,801,131,93,8881,10528,19409
NEVSEHIR HACI BEKTAS VELI UNIVERSITESI,2018-2017,DEVLET,NEVSEHIR,4225,3363,4028,5927,1326,743,111,81,9690,10114,19804
NEVSEHIR HACI BEKTAS VELI UNIVERSITESI,2017-2016,DEVLET,NEVSEHIR,4231,3083,3571,4981,1150,669,93,47,9045,8780,17825
NEVSEHIR HACI BEKTAS VELI UNIVERSITESI,2016-2015,DEVLET,NEVSEHIR,3828,2703,2930,4220,985,617,81,45,7824,7585,15409
NEVSEHIR HACI BEKTAS VELI UNIVERSITESI,2015-2014,DEVLET,NEVSEHIR,3390,2369,2510,3624,683,517,77,37,6660,6547,13207
NIGDE OMER HALISDEMIR UNIVERSITESI,2019-2018,DEVLET,NIGDE,4721,2834,8135,7680,1218,907,188,110,14262,11531,25793
NIGDE OMER HALISDEMIR UNIVERSITESI,2018-2017,DEVLET,NIGDE,6058,3339,7919,7598,1435,884,165,92,15577,11913,27490
NIGDE UNIVERSITESI,2016-2015,DEVLET,NIGDE,5582,3039,6840,6443,1250,688,135,73,13807,10243,24050
NIGDE UNIVERSITESI,2015-2014,DEVLET,NIGDE,4906,2770,6427,6057,1054,624,115,61,12502,9512,22014
NISANTASI UNIVERSITESI,2019-2018,VAKIF,ISTANBUL,5894,4474,5714,3203,573,160,10,2,12191,7839,20030
NISANTASI UNIVERSITESI,2018-2017,VAKIF,ISTANBUL,5811,4498,4603,2875,2704,212,9,2,13127,7587,20714
NISANTASI UNIVERSITESI,2017-2016,VAKIF,ISTANBUL,6498,5355,3668,2402,3671,437,9,2,13846,8196,22042
NISANTASI UNIVERSITESI,2016-2015,VAKIF,ISTANBUL,5288,4647,1957,1461,1733,531,3,0,8981,6639,15620
NISANTASI UNIVERSITESI,2015-2014,VAKIF,ISTANBUL,3730,3758,921,767,1384,545,0,0,6035,5070,11105
NUH NACI YAZGAN UNIVERSITESI,2019-2018,VAKIF,KAYSERI,0,0,1407,1715,61,30,0,0,1468,1745,3213
NUH NACI YAZGAN UNIVERSITESI,2018-2017,VAKIF,KAYSERI,0,0,1479,1766,81,28,0,0,1560,1794,3354
NUH NACI YAZGAN UNIVERSITESI,2017-2016,VAKIF,KAYSERI,0,0,1399,1626,132,40,0,0,1531,1666,3197
NUH NACI YAZGAN UNIVERSITESI,2016-2015,VAKIF,KAYSERI,0,0,908,912,102,42,0,0,1010,954,1964
NUH NACI YAZGAN UNIVERSITESI,2015-2014,VAKIF,KAYSERI,0,0,656,579,88,39,0,0,744,618,1362
OKAN UNIVERSITESI,2018-2017,VAKIF,ISTANBUL,2096,2100,5359,4915,6165,1727,216,132,13836,8874,22710
OKAN UNIVERSITESI,2017-2016,VAKIF,ISTANBUL,2347,2339,4975,4458,6747,2545,176,83,14245,9425,23670
OKAN UNIVERSITESI,2016-2015,VAKIF,ISTANBUL,2211,2223,4584,4015,4692,2530,174,77,11661,8845,20506
OKAN UNIVERSITESI,2015-2014,VAKIF,ISTANBUL,1746,1858,4118,3338,3278,2390,138,64,9280,7650,16930
OMER HALISDEMIR UNIVERSITESI,2017-2016,DEVLET,NIGDE,6107,3309,7476,7152,1393,779,135,76,15111,11316,26427
ONDOKUZ MAYIS UNIVERSITESI,2019-2018,DEVLET,SAMSUN,7325,6377,15472,16185,2834,2518,794,549,26425,25629,52054
ONDOKUZ MAYIS UNIVERSITESI,2018-2017,DEVLET,SAMSUN,9124,7144,14564,15601,3746,3017,764,511,28198,26273,54471
ONDOKUZ MAYIS UNIVERSITESI,2017-2016,DEVLET,SAMSUN,8996,6954,14041,15937,4149,3037,757,479,27943,26407,54350
ONDOKUZ MAYIS UNIVERSITESI,2016-2015,DEVLET,SAMSUN,7887,6089,14035,15848,3577,2707,679,463,26178,25107,51285
ONDOKUZ MAYIS UNIVERSITESI,2015-2014,DEVLET,SAMSUN,6798,5232,13960,16170,2838,2271,637,454,24233,24127,48360
ORDU UNIVERSITESI,2019-2018,DEVLET,ORDU,4552,2593,4255,5087,543,557,68,64,9418,8301,17719
ORDU UNIVERSITESI,2018-2017,DEVLET,ORDU,6809,3067,4006,4976,744,644,61,48,11620,8735,20355
ORDU UNIVERSITESI,2017-2016,DEVLET,ORDU,7226,3148,3650,4681,690,585,46,33,11612,8447,20059
ORDU UNIVERSITESI,2016-2015,DEVLET,ORDU,6465,2782,3207,3986,593,505,37,27,10302,7300,17602
ORDU UNIVERSITESI,2015-2014,DEVLET,ORDU,5652,2332,2808,3389,515,438,33,19,9008,6178,15186
ORTA DOGU TEKNIK UNIVERSITESI,2019-2018,DEVLET,ANKARA,28,3,12700,8627,2577,2336,1674,1457,16979,12423,29402
ORTA DOGU TEKNIK UNIVERSITESI,2018-2017,DEVLET,ANKARA,73,5,12732,8741,2710,2343,1750,1448,17265,12537,29802
ORTA DOGU TEKNIK UNIVERSITESI,2017-2016,DEVLET,ANKARA,92,7,11798,8571,2794,2211,1832,1474,16516,12263,28779
ORTA DOGU TEKNIK UNIVERSITESI,2016-2015,DEVLET,ANKARA,120,3,11602,8638,2692,2248,1786,1431,16200,12320,28520
ORTA DOGU TEKNIK UNIVERSITESI,2015-2014,DEVLET,ANKARA,97,2,10900,8368,2607,2109,1711,1428,15315,11907,27222
OSMANIYE KORKUT ATA UNIVERSITESI,2019-2018,DEVLET,OSMANIYE,2683,1348,4534,3031,348,220,52,25,7617,4624,12241
OSMANIYE KORKUT ATA UNIVERSITESI,2018-2017,DEVLET,OSMANIYE,4176,1747,4535,2804,357,206,47,15,9115,4772,13887
OSMANIYE KORKUT ATA UNIVERSITESI,2017-2016,DEVLET,OSMANIYE,4412,1839,3842,2338,383,193,44,15,8681,4385,13066
OSMANIYE KORKUT ATA UNIVERSITESI,2016-2015,DEVLET,OSMANIYE,3948,1643,3138,1857,330,172,35,15,7451,3687,11138
OSMANIYE KORKUT ATA UNIVERSITESI,2015-2014,DEVLET,OSMANIYE,3344,1381,2378,1409,280,142,21,12,6023,2944,8967
OZYEGIN UNIVERSITESI,2019-2018,VAKIF,ISTANBUL,0,0,4093,3174,409,176,136,52,4638,3402,8040
OZYEGIN UNIVERSITESI,2018-2017,VAKIF,ISTANBUL,0,0,3998,3183,504,166,144,41,4646,3390,8036
OZYEGIN UNIVERSITESI,2017-2016,VAKIF,ISTANBUL,0,0,3833,2916,513,172,125,33,4471,3121,7592
OZYEGIN UNIVERSITESI,2016-2015,VAKIF,ISTANBUL,0,0,3287,2476,482,148,115,25,3884,2649,6533
OZYEGIN UNIVERSITESI,2015-2014,VAKIF,ISTANBUL,0,0,2671,2053,413,129,100,29,3184,2211,5395
PAMUKKALE UNIVERSITESI,2019-2018,DEVLET,DENIZLI,8014,7172,18936,16953,1368,1453,329,331,28647,25909,54556
PAMUKKALE UNIVERSITESI,2018-2017,DEVLET,DENIZLI,10681,8524,18393,16830,1949,1701,357,330,31380,27385,58765
PAMUKKALE UNIVERSITESI,2017-2016,DEVLET,DENIZLI,10682,8569,17322,16119,2175,1652,330,320,30509,26660,57169
PAMUKKALE UNIVERSITESI,2016-2015,DEVLET,DENIZLI,9429,7592,16016,15130,2061,1514,320,288,27826,24524,52350
PAMUKKALE UNIVERSITESI,2015-2014,DEVLET,DENIZLI,7998,6591,14590,14569,1903,1361,279,267,24770,22788,47558
PIRI REIS UNIVERSITESI,2019-2018,VAKIF,ISTANBUL,1000,228,1981,526,45,20,34,2,3060,776,3836
PIRI REIS UNIVERSITESI,2018-2017,VAKIF,ISTANBUL,829,190,1957,473,53,22,38,4,2877,689,3566
PIRI REIS UNIVERSITESI,2017-2016,VAKIF,ISTANBUL,762,159,1772,326,44,16,32,2,2610,503,3113
PIRI REIS UNIVERSITESI,2016-2015,VAKIF,ISTANBUL,592,84,1348,196,23,3,25,2,1988,285,2273
PIRI REIS UNIVERSITESI,2015-2014,VAKIF,ISTANBUL,358,49,1054,109,14,2,19,0,1445,160,1605
PLATO MESLEK YUKSEKOKULU,2016-2015,VAKIF MYO,ISTANBUL,1693,2814,0,0,0,0,0,0,1693,2814,4507
PLATO MESLEK YUKSEKOKULU,2015-2014,VAKIF MYO,ISTANBUL,1177,2462,0,0,0,0,0,0,1177,2462,3639
RECEP TAYYIP ERDOGAN UNIVERSITESI,2019-2018,DEVLET,RIZE,3170,2305,5090,5866,864,671,104,63,9228,8905,18133
RECEP TAYYIP ERDOGAN UNIVERSITESI,2018-2017,DEVLET,RIZE,4968,2684,4799,5480,1095,758,97,67,10959,8989,19948
RECEP TAYYIP ERDOGAN UNIVERSITESI,2017-2016,DEVLET,RIZE,5104,2556,4464,5140,1036,702,91,62,10695,8460,19155
RECEP TAYYIP ERDOGAN UNIVERSITESI,2016-2015,DEVLET,RIZE,4724,2298,3926,4684,865,583,86,53,9601,7618,17219
RECEP TAYYIP ERDOGAN UNIVERSITESI,2015-2014,DEVLET,RIZE,4362,2227,3496,4429,709,499,76,42,8643,7197,15840
SABANCI UNIVERSITESI,2019-2018,VAKIF,ISTANBUL,0,0,2674,1601,365,254,157,121,3196,1976,5172
SABANCI UNIVERSITESI,2018-2017,VAKIF,ISTANBUL,0,0,2526,1546,381,296,151,108,3058,1950,5008
SABANCI UNIVERSITESI,2017-2016,VAKIF,ISTANBUL,0,0,2354,1365,390,311,169,115,2913,1791,4704
SABANCI UNIVERSITESI,2016-2015,VAKIF,ISTANBUL,0,0,2132,1267,317,243,153,115,2602,1625,4227
SABANCI UNIVERSITESI,2015-2014,VAKIF,ISTANBUL,0,0,2256,1446,299,200,140,118,2695,1764,4459
SAGLIK BILIMLERI UNIVERSITESI,2019-2018,DEVLET,ISTANBUL,1227,2563,1971,3743,66,314,124,258,3388,6878,10266
SAGLIK BILIMLERI UNIVERSITESI,2018-2017,DEVLET,ISTANBUL,663,1380,1225,1843,43,152,58,139,1989,3514,5503
SAGLIK BILIMLERI UNIVERSITESI,2017-2016,DEVLET,ISTANBUL,258,279,825,830,7,26,25,40,1115,1175,2290
SAKARYA UNIVERSITESI,2019-2018,DEVLET,SAKARYA,3021,2071,20310,20135,4220,3165,1028,567,28579,25938,54517
SAKARYA UNIVERSITESI,2018-2017,DEVLET,SAKARYA,19360,9995,24711,21427,5680,3308,1231,592,50982,35322,86304
SAKARYA UNIVERSITESI,2017-2016,DEVLET,SAKARYA,19796,10116,23763,21281,8777,3960,1300,587,53636,35944,89580
SAKARYA UNIVERSITESI,2016-2015,DEVLET,SAKARYA,18260,9535,22701,20828,7620,3539,1274,556,49855,34458,84313
SAKARYA UNIVERSITESI,2015-2014,DEVLET,SAKARYA,16587,9064,20769,20329,6163,2942,1202,484,44721,32819,77540
SAKARYA UYGULAMALI BILIMLER UNIVERSITESI,2019-2018,DEVLET,SAKARYA,9627,5844,5349,1287,858,259,158,42,15992,7432,23424
SAMSUN UNIVERSITESI,2019-2018,DEVLET,SAMSUN,845,261,478,236,0,0,0,0,1323,497,1820
SANKO UNIVERSITESI,2019-2018,VAKIF,GAZIANTEP,0,0,338,726,20,30,0,1,358,757,1115
SANKO UNIVERSITESI,2018-2017,VAKIF,GAZIANTEP,0,0,326,777,17,21,0,0,343,798,1141
SANKO UNIVERSITESI,2017-2016,VAKIF,GAZIANTEP,0,0,271,612,17,23,0,0,288,635,923
SANKO UNIVERSITESI,2016-2015,VAKIF,GAZIANTEP,0,0,135,344,4,6,0,0,139,350,489
SANKO UNIVERSITESI,2015-2014,VAKIF,GAZIANTEP,0,0,63,168,0,0,0,0,63,168,231
SELAHADDIN EYYUBI UNIVERSITESI,2016-2015,VAKIF,DIYARBAKIR,295,333,87,96,424,48,0,0,806,477,1283
SELAHADDIN EYYUBI UNIVERSITESI,2015-2014,VAKIF,DIYARBAKIR,47,31,24,30,156,24,0,0,227,85,312
SELCUK UNIVERSITESI,2019-2018,DEVLET,KONYA,12146,8652,18923,19782,3645,2372,1059,646,35773,31452,67225
SELCUK UNIVERSITESI,2018-2017,DEVLET,KONYA,19414,10794,24423,21863,7251,3410,1403,745,52491,36812,89303
SELCUK UNIVERSITESI,2017-2016,DEVLET,KONYA,21302,11729,23948,21252,10346,4572,1521,786,57117,38339,95456
SELCUK UNIVERSITESI,2016-2015,DEVLET,KONYA,19869,11071,22253,20057,7785,3953,1327,703,51234,35784,87018
SELCUK UNIVERSITESI,2015-2014,DEVLET,KONYA,17436,9720,21214,18929,6332,3635,1254,707,46236,32991,79227
SIFA UNIVERSITESI,2016-2015,VAKIF,IZMIR,286,680,372,1160,17,97,8,5,683,1942,2625
SIFA UNIVERSITESI,2015-2014,VAKIF,IZMIR,204,489,286,972,14,32,6,5,510,1498,2008
SIIRT UNIVERSITESI,2019-2018,DEVLET,SIIRT,3064,2078,4553,3864,564,236,8,5,8189,6183,14372
SIIRT UNIVERSITESI,2018-2017,DEVLET,SIIRT,2571,1677,4034,3423,541,163,9,5,7155,5268,12423
SIIRT UNIVERSITESI,2017-2016,DEVLET,SIIRT,2547,1661,3323,2941,448,127,7,4,6325,4733,11058
SIIRT UNIVERSITESI,2016-2015,DEVLET,SIIRT,2288,1610,2643,2296,282,88,6,4,5219,3998,9217
SIIRT UNIVERSITESI,2015-2014,DEVLET,SIIRT,2989,2019,2110,1874,98,35,3,2,5200,3930,9130
SINOP UNIVERSITESI,2019-2018,DEVLET,SINOP,2255,1455,2816,3403,334,154,12,8,5417,5020,10437
SINOP UNIVERSITESI,2018-2017,DEVLET,SINOP,2714,1502,2450,3032,305,127,14,10,5483,4671,10154
SINOP UNIVERSITESI,2017-2016,DEVLET,SINOP,2892,1592,1933,2461,222,139,14,14,5061,4206,9267
SINOP UNIVERSITESI,2016-2015,DEVLET,SINOP,2533,1344,1260,1869,187,126,13,14,3993,3353,7346
SINOP UNIVERSITESI,2015-2014,DEVLET,SINOP,1901,913,992,1640,119,91,13,16,3025,2660,5685
SIRNAK UNIVERSITESI,2019-2018,DEVLET,SIRNAK,604,422,838,383,205,68,6,0,1653,873,2526
SIRNAK UNIVERSITESI,2018-2017,DEVLET,SIRNAK,819,426,819,326,126,32,0,0,1764,784,2548
SIRNAK UNIVERSITESI,2017-2016,DEVLET,SIRNAK,912,479,931,371,76,18,0,0,1919,868,2787
SIRNAK UNIVERSITESI,2016-2015,DEVLET,SIRNAK,1015,568,1179,487,79,19,0,0,2273,1074,3347
SIRNAK UNIVERSITESI,2015-2014,DEVLET,SIRNAK,965,644,1276,563,65,9,0,0,2306,1216,3522
SIVAS CUMHURIYET UNIVERSITESI,2019-2018,DEVLET,SIVAS,7975,6368,16029,16966,2393,1594,257,169,26654,25097,51751
SULEYMAN DEMIREL UNIVERSITESI,2019-2018,DEVLET,ISPARTA,1259,2860,16813,16198,3940,2155,741,503,22753,21716,44469
SULEYMAN DEMIREL UNIVERSITESI,2018-2017,DEVLET,ISPARTA,19414,13466,20910,17936,6488,3016,924,557,47736,34975,82711
SULEYMAN DEMIREL UNIVERSITESI,2017-2016,DEVLET,ISPARTA,20145,13723,19964,17369,7900,3217,878,486,48887,34795,83682
SULEYMAN DEMIREL UNIVERSITESI,2016-2015,DEVLET,ISPARTA,18064,12075,18903,16556,3665,1985,841,481,41473,31097,72570
SULEYMAN DEMIREL UNIVERSITESI,2015-2014,DEVLET,ISPARTA,15841,10511,17314,15288,3178,1998,682,408,37015,28205,65220
SULEYMAN SAH UNIVERSITESI,2016-2015,VAKIF,ISTANBUL,0,0,724,880,410,54,0,0,1134,934,2068
SULEYMAN SAH UNIVERSITESI,2015-2014,VAKIF,ISTANBUL,0,0,629,746,227,33,0,0,856,779,1635
TARSUS UNIVERSITESI,2019-2018,DEVLET,MERSIN,694,666,630,166,188,92,12,10,1524,934,2458
TED UNIVERSITESI,2019-2018,VAKIF,ANKARA,0,0,1174,1899,38,68,0,0,1212,1967,3179
TED UNIVERSITESI,2018-2017,VAKIF,ANKARA,0,0,972,1554,29,38,0,0,1001,1592,2593
TED UNIVERSITESI,2017-2016,VAKIF,ANKARA,0,0,759,1201,33,31,0,0,792,1232,2024
TED UNIVERSITESI,2016-2015,VAKIF,ANKARA,0,0,556,866,24,22,0,0,580,888,1468
TED UNIVERSITESI,2015-2014,VAKIF,ANKARA,0,0,359,605,19,19,0,0,378,624,1002
TEKIRDAG NAMIK KEMAL UNIVERSITESI,2019-2018,DEVLET,TEKIRDAG,7574,4328,7243,5919,869,825,115,120,15801,11192,26993
TOBB EKONOMI VE TEKNOLOJI UNIVERSITESI,2019-2018,VAKIF,ANKARA,0,0,2702,2543,380,233,152,42,3234,2818,6052
TOBB EKONOMI VE TEKNOLOJI UNIVERSITESI,2018-2017,VAKIF,ANKARA,0,0,2769,2686,391,251,172,48,3332,2985,6317
TOBB EKONOMI VE TEKNOLOJI UNIVERSITESI,2017-2016,VAKIF,ANKARA,0,0,2755,2549,414,211,155,45,3324,2805,6129
TOBB EKONOMI VE TEKNOLOJI UNIVERSITESI,2016-2015,VAKIF,ANKARA,0,0,2612,2393,370,174,141,44,3123,2611,5734
TOBB EKONOMI VE TEKNOLOJI UNIVERSITESI,2015-2014,VAKIF,ANKARA,0,0,2514,2183,300,137,113,31,2927,2351,5278
TOKAT GAZIOSMANPASA UNIVERSITESI,2019-2018,DEVLET,TOKAT,5559,4221,8561,9212,1276,1023,236,120,15632,14576,30208
TOROS UNIVERSITESI,2019-2018,VAKIF,MERSIN,448,605,936,874,218,109,2,3,1604,1591,3195
TOROS UNIVERSITESI,2018-2017,VAKIF,MERSIN,449,614,992,910,357,163,1,2,1799,1689,3488
TOROS UNIVERSITESI,2017-2016,VAKIF,MERSIN,494,685,931,861,511,236,0,1,1936,1783,3719
TOROS UNIVERSITESI,2016-2015,VAKIF,MERSIN,474,646,885,755,502,296,0,1,1861,1698,3559
TOROS UNIVERSITESI,2015-2014,VAKIF,MERSIN,302,367,691,586,334,235,0,0,1327,1188,2515
TRABZON UNIVERSITESI,2019-2018,DEVLET,TRABZON,1722,1649,3335,5297,448,557,125,122,5630,7625,13255
TRAKYA UNIVERSITESI,2019-2018,DEVLET,EDIRNE,8872,5102,13366,13082,1733,1557,306,279,24277,20020,44297
TRAKYA UNIVERSITESI,2018-2017,DEVLET,EDIRNE,10092,5920,12774,12953,2422,1853,351,278,25639,21004,46643
TRAKYA UNIVERSITESI,2017-2016,DEVLET,EDIRNE,10436,6112,11865,12299,2663,1843,311,236,25275,20490,45765
TRAKYA UNIVERSITESI,2016-2015,DEVLET,EDIRNE,9550,5548,11115,11839,2215,1540,287,220,23167,19147,42314
TRAKYA UNIVERSITESI,2015-2014,DEVLET,EDIRNE,8676,5108,10518,11452,1658,1284,257,201,21109,18045,39154
TUNCELI UNIVERSITESI,2016-2015,DEVLET,TUNCELI,1927,1598,2664,1591,252,100,6,3,4849,3292,8141
TUNCELI UNIVERSITESI,2015-2014,DEVLET,TUNCELI,1390,1338,2580,1511,172,63,5,4,4147,2916,7063
TURGUT OZAL UNIVERSITESI,2016-2015,VAKIF,ANKARA,784,1287,1925,2509,629,358,163,83,3501,4237,7738
TURGUT OZAL UNIVERSITESI,2015-2014,VAKIF,ANKARA,688,1081,1757,2100,354,166,177,79,2976,3426,6402
TURK HAVA KURUMU UNIVERSITESI,2019-2018,VAKIF,ANKARA,339,193,1768,712,102,31,76,13,2285,949,3234
TURK HAVA KURUMU UNIVERSITESI,2018-2017,VAKIF,ANKARA,231,116,1824,738,636,142,127,15,2818,1011,3829
TURK HAVA KURUMU UNIVERSITESI,2017-2016,VAKIF,ANKARA,301,149,1955,761,2013,1089,138,19,4407,2018,6425
TURK HAVA KURUMU UNIVERSITESI,2016-2015,VAKIF,ANKARA,531,259,2208,855,1431,321,144,21,4314,1456,5770
TURK HAVA KURUMU UNIVERSITESI,2015-2014,VAKIF,ANKARA,505,227,1643,603,2240,674,143,24,4531,1528,6059
TURK-ALMAN UNIVERSITESI,2019-2018,DEVLET,ISTANBUL,0,0,940,797,88,85,7,6,1035,888,1923
TURK-ALMAN UNIVERSITESI,2018-2017,DEVLET,ISTANBUL,0,0,666,563,80,71,3,3,749,637,1386
TURK-ALMAN UNIVERSITESI,2017-2016,DEVLET,ISTANBUL,0,0,411,371,52,47,1,1,464,419,883
TURK-ALMAN UNIVERSITESI,2016-2015,DEVLET,ISTANBUL,0,0,223,220,35,32,0,0,258,252,510
TURK-ALMAN UNIVERSITESI,2015-2014,DEVLET,ISTANBUL,0,0,146,123,20,22,0,0,166,145,311
UFUK UNIVERSITESI,2019-2018,VAKIF,ANKARA,564,734,1170,1824,532,337,5,3,2271,2898,5169
UFUK UNIVERSITESI,2018-2017,VAKIF,ANKARA,546,773,1151,1838,735,307,7,4,2439,2922,5361
UFUK UNIVERSITESI,2017-2016,VAKIF,ANKARA,645,851,1071,1683,580,294,7,4,2303,2832,5135
UFUK UNIVERSITESI,2016-2015,VAKIF,ANKARA,508,633,809,1398,402,267,2,4,1721,2302,4023
UFUK UNIVERSITESI,2015-2014,VAKIF,ANKARA,331,478,667,1205,334,262,1,2,1333,1947,3280
ULUDAG UNIVERSITESI,2018-2017,DEVLET,BURSA,13115,8607,20804,21348,3576,3429,1185,780,38680,34164,72844
ULUDAG UNIVERSITESI,2017-2016,DEVLET,BURSA,12639,8417,19478,20586,3229,2984,982,660,36328,32647,68975
ULUDAG UNIVERSITESI,2016-2015,DEVLET,BURSA,10598,7186,18572,20104,2479,2285,852,589,32501,30164,62665
ULUDAG UNIVERSITESI,2015-2014,DEVLET,BURSA,10591,7269,17273,19951,1954,1734,775,509,30593,29463,60056
ULUSLARARASI ANTALYA UNIVERSITESI,2017-2016,VAKIF,ANTALYA,0,0,1237,1039,104,20,0,0,1341,1059,2400
ULUSLARARASI ANTALYA UNIVERSITESI,2016-2015,VAKIF,ANTALYA,0,0,1102,870,128,30,0,0,1230,900,2130
ULUSLARARASI ANTALYA UNIVERSITESI,2015-2014,VAKIF,ANTALYA,0,0,863,587,148,49,0,0,1011,636,1647
USAK UNIVERSITESI,2019-2018,DEVLET,USAK,3633,3017,11162,10044,841,645,111,64,15747,13770,29517
USAK UNIVERSITESI,2018-2017,DEVLET,USAK,4433,3332,10831,10010,1847,1086,132,60,17243,14488,31731
USAK UNIVERSITESI,2017-2016,DEVLET,USAK,4285,3298,9958,9350,1725,959,106,48,16074,13655,29729
USAK UNIVERSITESI,2016-2015,DEVLET,USAK,3873,3011,8597,8017,1298,758,99,41,13867,11827,25694
USAK UNIVERSITESI,2015-2014,DEVLET,USAK,3216,2683,6272,6709,962,604,70,30,10520,10026,20546
USKUDAR UNIVERSITESI,2019-2018,VAKIF,ISTANBUL,2276,4047,3108,6350,946,2150,26,80,6356,12627,18983
USKUDAR UNIVERSITESI,2018-2017,VAKIF,ISTANBUL,2064,3706,2352,5555,888,1650,13,42,5317,10953,16270
USKUDAR UNIVERSITESI,2017-2016,VAKIF,ISTANBUL,2137,3698,1639,4326,552,1080,3,7,4331,9111,13442
USKUDAR UNIVERSITESI,2016-2015,VAKIF,ISTANBUL,1911,3116,1078,2860,298,731,1,0,3288,6707,9995
USKUDAR UNIVERSITESI,2015-2014,VAKIF,ISTANBUL,1255,2097,555,1609,256,549,0,0,2066,4255,6321
VAN YUZUNCU YIL UNIVERSITESI,2019-2018,DEVLET,VAN,3855,2715,8319,7266,2991,1278,413,161,15578,11420,26998
YALOVA UNIVERSITESI,2019-2018,DEVLET,YALOVA,2987,2569,3195,3010,503,309,107,80,6792,5968,12760
YALOVA UNIVERSITESI,2018-2017,DEVLET,YALOVA,3481,2948,3168,3062,794,364,117,82,7560,6456,14016
YALOVA UNIVERSITESI,2017-2016,DEVLET,YALOVA,3418,2862,3114,3101,1063,452,114,60,7709,6475,14184
YALOVA UNIVERSITESI,2016-2015,DEVLET,YALOVA,2968,2619,2911,2936,996,432,109,50,6984,6037,13021
YALOVA UNIVERSITESI,2015-2014,DEVLET,YALOVA,2394,2275,2570,2632,858,403,74,37,5896,5347,11243
YASAR UNIVERSITESI,2019-2018,VAKIF,IZMIR,765,577,3964,4190,348,397,94,88,5171,5252,10423
YASAR UNIVERSITESI,2018-2017,VAKIF,IZMIR,795,702,4089,4298,395,441,94,80,5373,5521,10894
YASAR UNIVERSITESI,2017-2016,VAKIF,IZMIR,788,702,3817,4124,520,560,67,86,5192,5472,10664
YASAR UNIVERSITESI,2016-2015,VAKIF,IZMIR,676,512,3080,3127,525,600,62,76,4343,4315,8658
YASAR UNIVERSITESI,2015-2014,VAKIF,IZMIR,523,419,2607,2725,546,572,69,64,3745,3780,7525
YEDITEPE UNIVERSITESI,2019-2018,VAKIF,ISTANBUL,0,0,9156,10677,1654,2374,612,592,11422,13643,25065
YEDITEPE UNIVERSITESI,2018-2017,VAKIF,ISTANBUL,0,0,9156,10629,2194,2742,685,542,12035,13913,25948
YEDITEPE UNIVERSITESI,2017-2016,VAKIF,ISTANBUL,0,0,8856,10665,2420,2798,683,507,11959,13970,25929
YEDITEPE UNIVERSITESI,2016-2015,VAKIF,ISTANBUL,0,0,8817,11127,1868,2146,641,479,11326,13752,25078
YEDITEPE UNIVERSITESI,2015-2014,VAKIF,ISTANBUL,0,0,7751,9706,1644,1872,612,441,10007,12019,22026
YENI YUZYIL UNIVERSITESI,2016-2015,VAKIF,ISTANBUL,819,887,2185,2516,684,342,0,0,3688,3745,7433
YENI YUZYIL UNIVERSITESI,2015-2014,VAKIF,ISTANBUL,569,541,1953,2066,590,306,0,0,3112,2913,6025
YILDIRIM BEYAZIT UNIVERSITESI,2016-2015,DEVLET,ANKARA,26,37,3576,4620,1330,745,535,280,5467,5682,11149
YILDIRIM BEYAZIT UNIVERSITESI,2015-2014,DEVLET,ANKARA,0,0,2624,3601,1113,713,434,228,4171,4542,8713
YILDIZ TEKNIK UNIVERSITESI,2019-2018,DEVLET,ISTANBUL,97,57,15329,9808,3671,3125,1326,1026,20423,14016,34439
YILDIZ TEKNIK UNIVERSITESI,2018-2017,DEVLET,ISTANBUL,592,324,15131,9445,4719,3341,1462,999,21904,14109,36013
YILDIZ TEKNIK UNIVERSITESI,2017-2016,DEVLET,ISTANBUL,671,375,14910,8970,4904,3308,1493,934,21978,13587,35565
YILDIZ TEKNIK UNIVERSITESI,2016-2015,DEVLET,ISTANBUL,816,469,15042,9070,4405,3046,1345,836,21608,13421,35029
YILDIZ TEKNIK UNIVERSITESI,2015-2014,DEVLET,ISTANBUL,1112,669,15380,8904,3639,2577,1163,735,21294,12885,34179
YOZGAT BOZOK UNIVERSITESI,2019-2018,DEVLET,YOZGAT,4282,2576,5531,5583,656,336,35,9,10504,8504,19008
YUKSEK IHTISAS UNIVERSITESI,2019-2018,VAKIF,ANKARA,43,155,182,438,0,2,0,0,225,595,820
YUKSEK IHTISAS UNIVERSITESI,2018-2017,VAKIF,ANKARA,20,78,131,309,0,3,0,0,151,390,541
YUKSEK IHTISAS UNIVERSITESI,2017-2016,VAKIF,ANKARA,10,31,78,180,0,0,0,0,88,211,299
YUZUNCU YIL UNIVERSITESI,2018-2017,DEVLET,VAN,4659,2815,8339,7314,4464,1255,351,136,17813,11520,29333
YUZUNCU YIL UNIVERSITESI,2017-2016,DEVLET,VAN,5121,2953,8586,7248,4098,1173,242,99,18047,11473,29520
YUZUNCU YIL UNIVERSITESI,2016-2015,DEVLET,VAN,4970,2762,8763,6956,3517,1115,202,87,17452,10920,28372
YUZUNCU YIL UNIVERSITESI,2015-2014,DEVLET,VAN,4426,2486,8457,6369,2434,875,251,95,15568,9825,25393
ZIRVE UNIVERSITESI,2016-2015,VAKIF,GAZIANTEP,231,316,2938,3312,1439,379,65,19,4673,4026,8699
ZIRVE UNIVERSITESI,2015-2014,VAKIF,GAZIANTEP,152,172,2706,2790,1358,366,58,18,4274,3346,7620
ZONGULDAK BULENT ECEVIT UNIVERSITESI,2019-2018,DEVLET,ZONGULDAK,5921,5007,10260,10103,1238,944,149,94,17568,16148,33716
